replicate,seed,status,theta_hat,se_theta,p_equivalence,reject
0,101000,success,0.03902532097436453,0.009768625774915881,0.13062068328546322,False
1,101001,success,0.03508268670475588,0.009193425310954946,0.052336756116840806,False
2,101002,success,0.0373134942640493,0.010988035161648133,0.12413234709207754,False
3,101003,success,0.05407122106025496,0.01221277234354173,0.6305678356126362,False
4,101004,success,0.061975393116643754,0.014440811252232283,0.7965253847045004,False
5,101005,success,0.053557328567229855,0.013845101795950913,0.6013865653162173,False
6,101006,success,0.06857791180409954,0.014228919428229358,0.9041632769514398,False
7,101007,success,0.03976235625172512,0.009747599615477064,0.14679623546445453,False
8,101008,success,0.05141619591223044,0.01339812351148788,0.5420902319771626,False
9,101009,success,0.06781266407552496,0.015855281147378636,0.8693774365435762,False
10,101010,success,0.06345931593763086,0.013655060272703667,0.837851252181445,False
11,101011,success,0.06222522844042807,0.012938510050152558,0.827637739465459,False
12,101012,success,0.05095200585362737,0.011168291638559657,0.5339654403890306,False
13,101013,success,0.050415612507425024,0.010701078676681807,0.5154903754939304,False
14,101014,success,0.04128713689508045,0.009846268122841331,0.18810801095431878,False
15,101015,success,0.03501166328231919,0.009860245601502428,0.06424575913976856,False
16,101016,success,0.04082193714082224,0.01183380705067838,0.2189985367934124,False
17,101017,success,0.043819215555972686,0.012266700132871284,0.30717744808171804,False
18,101018,success,0.06416917328968019,0.013370885800931667,0.8553602247119542,False
19,101019,success,0.05379616459871923,0.011137244376803666,0.6333929243349514,False
20,101020,success,0.04904208223570781,0.01349511303942956,0.4717058150392282,False
21,101021,success,0.06930843216118869,0.017271552485026948,0.8682021169789808,False
22,101022,success,0.07222624245057821,0.013361978790728351,0.9518832564772015,False
23,101023,success,0.03905683443446605,0.010162864524801508,0.1407893624698322,False
24,101024,success,0.05390415685487217,0.012672778290449651,0.6209870883998592,False
25,101025,success,0.028651472671885964,0.009180371809996604,0.010023863043365085,True
26,101026,success,0.0505502936120575,0.013235315420941116,0.5165823137562993,False
27,101027,success,0.049350808553579706,0.012363784064015613,0.4790621579603651,False
28,101028,success,0.03701891357590977,0.011503243352716807,0.12956034723771104,False
29,101029,success,0.03407185146520509,0.00946876677645368,0.04626719127322611,True
30,101030,success,0.029733859536851502,0.008809445297477137,0.010709917527427028,True
31,101031,success,0.06788422842338739,0.014451284433562559,0.8920590491565155,False
32,101032,success,0.05595603264585201,0.011316288366309888,0.700668398316159,False
33,101033,success,0.03886096699862689,0.009411148289017054,0.11828576467300106,False
34,101034,success,0.06789351838777638,0.016226945173798357,0.8649221493023522,False
35,101035,success,0.07479911292387145,0.013048347834812426,0.9713198890271512,False
36,101036,success,0.05519404041303914,0.011929081879907665,0.6683675391345494,False
37,101037,success,0.05828417611381463,0.015130194823458211,0.7079913176053146,False
38,101038,success,0.042703048146462814,0.012022744803583904,0.2719490331036686,False
39,101039,success,0.06550832104293043,0.013753389412975096,0.8702555434502011,False
40,101040,success,0.0523655107945938,0.012270137480304123,0.576436718147843,False
41,101041,success,0.06237213022675246,0.013824806417227692,0.8145857391181924,False
42,101042,success,0.056438000548674525,0.012089496469149162,0.702819970968338,False
43,101043,success,0.030817870079333978,0.009391794984062308,0.020554205032875816,True
44,101044,success,0.04805598327499639,0.011306115591459115,0.43174084737146534,False
45,101045,success,0.03729929248080313,0.010704240692256194,0.11771012901181205,False
46,101046,success,0.05509828989311124,0.012471701307817905,0.658652613615552,False
47,101047,success,0.04764689932662434,0.013086851235008792,0.42865224755861403,False
48,101048,success,0.043606977373075076,0.010319486781935049,0.26779030200712295,False
49,101049,success,0.06633924372095419,0.016340849999013866,0.8413209595844362,False
50,101050,success,0.03876549041132927,0.011047240777741014,0.15458821859553246,False
51,101051,success,0.0988622963183617,0.017383096802220565,0.9975299091378718,False
52,101052,success,0.01579285290872423,0.007329487115744289,1.527709819061854e-06,True
53,101053,success,0.03406217526410524,0.010655843954687667,0.06736740620301893,False
54,101054,success,0.04523054107129421,0.012177120984899368,0.3476496352234649,False
55,101055,success,0.04961834411578456,0.012365580728768172,0.4876888516820092,False
56,101056,success,0.07815469971808617,0.016544196441997307,0.9556023551261033,False
57,101057,success,0.040281153972583764,0.010991123417137741,0.1882819831272864,False
58,101058,success,0.04337208859887299,0.011536506590127952,0.2828092274085441,False
59,101059,success,0.04977245962642191,0.010947989585235648,0.49170907681850196,False
60,101060,success,0.05667934372810018,0.012553432089091593,0.7026623218074043,False
61,101061,success,0.042158003245128924,0.013044409540854746,0.27386110811095954,False
62,101062,success,0.06298002139836847,0.013641038536848806,0.8293353515058803,False
63,101063,success,0.05153880769480769,0.014092223886317371,0.5434762926330082,False
64,101064,success,0.03469364117815441,0.009777243299783736,0.058731847028576395,False
65,101065,success,0.04930561220310035,0.013398943642369926,0.4793344380075473,False
66,101066,success,0.041218506682772924,0.008823388144141207,0.15980689637988899,False
67,101067,success,0.04440538230191577,0.010580798355672685,0.29848876919045975,False
68,101068,success,0.04417615726524704,0.010915125883381884,0.2968240035325518,False
69,101069,success,0.0414697710973342,0.01093337985526536,0.21763642131407185,False
70,101070,success,0.033313295696718905,0.010405964281132786,0.054404305058060404,False
71,101071,success,0.05517048731022376,0.011797975944492396,0.6693982146354214,False
72,101072,success,0.03658745138955372,0.009158158766832765,0.07152235508739688,False
73,101073,success,0.0529402786253493,0.013373855105414388,0.5870070762602398,False
74,101074,success,0.048246842387070756,0.01273411894895695,0.4452490181839562,False
75,101075,success,0.05104767034614339,0.01192652352284865,0.5349995608472379,False
76,101076,success,0.05546422788984218,0.01285772843854315,0.6645729683288149,False
77,101077,success,0.05618282757637629,0.011379792924135755,0.7065439961788105,False
78,101078,success,0.04400915664125523,0.011018612976532059,0.29332323279875777,False
79,101079,success,0.04244351001137666,0.010845056330564706,0.2429739463039846,False
80,101080,success,0.056066786753643745,0.013237479490773287,0.6766328919423743,False
81,101081,success,0.028764598530132086,0.00947344126194136,0.012494520945905483,True
82,101082,success,0.05110555940284751,0.013842500183405356,0.5318284945884959,False
83,101083,success,0.043029931120495836,0.012202642905282278,0.283934281653062,False
84,101084,success,0.07840582655217027,0.014870190462272668,0.9719496795985612,False
85,101085,success,0.0484337721657581,0.012289346747348377,0.44929371324674805,False
86,101086,success,0.05019309384798791,0.01146393338174086,0.5067193043749243,False
87,101087,success,0.043102592297317145,0.011837669114654014,0.28005907176559397,False
88,101088,success,0.05023298511791243,0.012957257444337114,0.5071730152983477,False
89,101089,success,0.03729923577889784,0.010550741062511184,0.11433743652303274,False
90,101090,success,0.04112505992777016,0.01124587125559396,0.21500539518980993,False
91,101091,success,0.03500840266735278,0.009251322374608129,0.052564435936350996,False
92,101092,success,0.041423018769390224,0.010953988879680488,0.21681334325481688,False
93,101093,success,0.05973439619922638,0.012977629587745353,0.7733998887987341,False
94,101094,success,0.03613942669955746,0.010357403243156888,0.09041096343528232,False
95,101095,success,0.05777812247457569,0.012487533249606827,0.7333153557436729,False
96,101096,success,0.043963867309300436,0.011408569201226224,0.29837233561412246,False
97,101097,success,0.045032386871083845,0.012807872388257315,0.34906121453635386,False
98,101098,success,0.044450282819222635,0.010101578496758733,0.2913685450572483,False
99,101099,success,0.051406742320180936,0.011857162441438317,0.5472199993996079,False
100,101100,success,0.05089123136129126,0.011901975625807009,0.5298452871486278,False
101,101101,success,0.03200791577702726,0.009155804268073097,0.024701248543273158,True
102,101102,success,0.05079240772952143,0.012413892779206976,0.5254481333689855,False
103,101103,success,0.051433584025762855,0.012300244151213854,0.5463913653203765,False
104,101104,success,0.04634342429567046,0.011908427708754929,0.37939968597686813,False
105,101105,success,0.03642275784247895,0.008929155272551002,0.06418618871189201,False
106,101106,success,0.061712263651587794,0.013745269134376244,0.8029190853783565,False
107,101107,success,0.04339090498376998,0.01104486490196855,0.2747911274185396,False
108,101108,success,0.045521294857873956,0.01168535196026052,0.3507578775337159,False
109,101109,success,0.04454020985694528,0.011884709465352111,0.3229748450403989,False
110,101110,success,0.03504808507079734,0.010599537488275414,0.07917841019333521,False
111,101111,success,0.03734588369721422,0.009750900740321016,0.097188657409924,False
112,101112,success,0.05505955406804162,0.011190381533122401,0.6744138420930723,False
113,101113,success,0.05558018436388758,0.01319055653695139,0.6638683808633126,False
114,101114,success,0.044349350918867644,0.011919207910995006,0.31772169940680584,False
115,101115,success,0.04211666556847552,0.01040756502843667,0.22438657879997226,False
116,101116,success,0.05022820484319144,0.012464489456929028,0.5073035863215698,False
117,101117,success,0.10198251054166418,0.01793746801528859,0.9981221563392966,False
118,101118,success,0.03586466809404383,0.009317062157692974,0.06461507144623586,False
119,101119,success,0.07734827041951044,0.016220894754090096,0.9541011614461572,False
120,101120,success,0.04315329846890261,0.010010272142651894,0.24699782156062727,False
121,101121,success,0.06352815812677615,0.015575070276055484,0.8074609115451308,False
122,101122,success,0.030814029189318762,0.009297317740234767,0.019527696517515937,True
123,101123,success,0.02464195431711769,0.010012206734457286,0.005659179821315632,True
124,101124,success,0.07585553683666513,0.015437323316364495,0.9530203020334709,False
125,101125,success,0.05000759554602355,0.014357006288257193,0.5002110596212981,False
126,101126,success,0.050575441328103085,0.012566190001466061,0.5182623108167812,False
127,101127,success,0.049102383626475274,0.011074324854756134,0.4676995741058818,False
128,101128,success,0.06550451754389484,0.013637353188013106,0.872213183749869,False
129,101129,success,0.049249096210377936,0.011182315423049384,0.4732307421703771,False
130,101130,success,0.0675215321002211,0.0160441984331974,0.8626008094442046,False
131,101131,success,0.042402233369591605,0.011328546839846392,0.2512139795877374,False
132,101132,success,0.05224166010345098,0.011810028549334675,0.5752709432951633,False
133,101133,success,0.05496143954395135,0.014702488647786937,0.632113323312441,False
134,101134,success,0.09738981366524674,0.016798129518657827,0.9976073070179553,False
135,101135,success,0.09912695196094341,0.01698463465661396,0.9980886587191763,False
136,101136,success,0.03169294485590851,0.010284347243598719,0.0375306843826276,True
137,101137,success,0.03862236486178428,0.010555692637930776,0.14054650673106756,False
138,101138,success,0.05367066706955322,0.011497622857251361,0.6252332084964107,False
139,101139,success,0.038286412585094576,0.009642394313801315,0.11222105586161318,False
140,101140,success,0.053257605464233373,0.011539824809262208,0.6111403643906766,False
141,101141,success,0.051841618981118186,0.01231451373153301,0.5594396405749085,False
142,101142,success,0.05781286029571693,0.013630589490060952,0.7167405498900205,False
143,101143,success,0.03413576411835571,0.012321167216911292,0.09894967280754235,False
144,101144,success,0.05682445280607902,0.012311970471365941,0.7103112122268336,False
145,101145,success,0.04966736066154023,0.012122973113817687,0.48905489230533983,False
146,101146,success,0.07538297143184065,0.015710007669970983,0.9469225527095236,False
147,101147,success,0.04866338911140795,0.012263410163768298,0.4566045055055669,False
148,101148,success,0.03349742098979429,0.009262964241334553,0.037410044207976556,True
149,101149,success,0.05966171945768531,0.01421815174322099,0.7516002568902891,False
150,101150,success,0.058132045958987674,0.015024263892480095,0.7058361020862087,False
151,101151,success,0.04761007549456978,0.011392654149278,0.41692059886501315,False
152,101152,success,0.049962664431315536,0.011098221098517599,0.49865791925710845,False
153,101153,success,0.06404648640308548,0.013423554244972003,0.8523131657726919,False
154,101154,success,0.0385983536721077,0.010554660240781394,0.14001596984584314,False
155,101155,success,0.04082024615710985,0.009610616724380128,0.16974636519315472,False
156,101156,success,0.05574502272330778,0.012213378725775915,0.6809609630190823,False
157,101157,success,0.032988655321975646,0.009828707683707713,0.04174537815398314,True
158,101158,success,0.05344153712005053,0.013068876481588458,0.603855120417533,False
159,101159,success,0.0574357337749479,0.012824997171609318,0.7189700033081928,False
160,101160,success,0.06448459357643707,0.013574551294308623,0.8570231857092069,False
161,101161,success,0.0458413807309344,0.01237279149424536,0.3683939491293224,False
162,101162,success,0.051441291170054054,0.011763994317498751,0.548755271538929,False
163,101163,success,0.04208655671562357,0.01273705885528229,0.2672034866942578,False
164,101164,success,0.045913338778080764,0.011808502105086825,0.36464209819242877,False
165,101165,success,0.08148813234556043,0.015322422405880488,0.9800622446495312,False
166,101166,success,0.046728366400177135,0.010968850993183637,0.3827501354977928,False
167,101167,success,0.040166024168648465,0.012083273794075242,0.2078653617719916,False
168,101168,success,0.0545091140002588,0.013593418468213657,0.6299470188504374,False
169,101169,success,0.03210508657407122,0.0084861472599845,0.017484353406236015,True
170,101170,success,0.05699022189099757,0.011288062306575548,0.7321267667789333,False
171,101171,success,0.04498860546092923,0.011999723131334253,0.3381103479245452,False
172,101172,success,0.051286357317348805,0.014572246399721251,0.5351707348612172,False
173,101173,success,0.0455887799066941,0.013402866515646962,0.37103055777898364,False
174,101174,success,0.05199515021366183,0.013582878133594566,0.5583894513575673,False
175,101175,success,0.043342786435133104,0.010920727621164413,0.2710652864632224,False
176,101176,success,0.052538908531281694,0.013481340895559626,0.5746900733276127,False
177,101177,success,0.03536398266875093,0.01013460906271613,0.0743467050952524,False
178,101178,success,0.04595306400417671,0.011664820256266403,0.3643200249097313,False
179,101179,success,0.0599666311242336,0.012962871459492932,0.779011736287635,False
180,101180,success,0.05316599103998335,0.011384791416057735,0.6095281750717618,False
181,101181,success,0.058229222814263716,0.013776767295472584,0.7248551621957764,False
182,101182,success,0.05988963466848544,0.012665531929455486,0.7825489276969055,False
183,101183,success,0.03920653744199168,0.010398690042562228,0.14964348285658086,False
184,101184,success,0.06100360198530168,0.012557717066862165,0.8095508178814931,False
185,101185,success,0.0325109583888443,0.010189737313679972,0.043050024500507524,True
186,101186,success,0.03871760931092555,0.011040839503904255,0.15341932955087878,False
187,101187,success,0.02603532394347105,0.009468506730683881,0.005687088460245968,True
188,101188,success,0.06883287278361591,0.015125536438146486,0.89345332137867,False
189,101189,success,0.039442955417507024,0.012318659071249202,0.19572347959181968,False
190,101190,success,0.053833206179644634,0.01243013542570924,0.6211034318283626,False
191,101191,success,0.040471886649629786,0.011509171954592619,0.20387169006145334,False
192,101192,success,0.041019815915943336,0.010870562584401151,0.20437336207800355,False
193,101193,success,0.05907220023444967,0.013123338664796211,0.7553123510236903,False
194,101194,success,0.056957454053512054,0.013175091445454982,0.7012768236957849,False
195,101195,success,0.04116017805642919,0.010343152940158022,0.1963712302471734,False
196,101196,success,0.04752367587815911,0.011636570414326869,0.41573940597162007,False
197,101197,success,0.043669064764413124,0.011136731636805897,0.2848567954388176,False
198,101198,success,0.031060265957958594,0.010378696613082118,0.03401060132847897,True
199,101199,success,0.07415609108244359,0.015506243620530337,0.9403632206139092,False
200,101200,success,0.042402296395753165,0.011174355089038876,0.2482765359554996,False
201,101201,success,0.06286509699636066,0.013629426220673169,0.8273949032499455,False
202,101202,success,0.07301915875369391,0.015653240005627383,0.9292960507597535,False
203,101203,success,0.04488745866560657,0.011327045082880486,0.3258661268408738,False
204,101204,success,0.03585993886348684,0.009138877779578534,0.06090237698483267,False
205,101205,success,0.054497630772126146,0.012526215064992175,0.6402239420210494,False
206,101206,success,0.040577454410124995,0.010778751625514444,0.19101071169618522,False
207,101207,success,0.04110161868819699,0.011908386972245248,0.22746040989837968,False
208,101208,success,0.057845687101929166,0.013649191414116253,0.7172899842080596,False
209,101209,success,0.037714249986805226,0.01081769732322127,0.1280393062404519,False
210,101210,success,0.05372331923618713,0.012318486871053181,0.6187710050440254,False
211,101211,success,0.03897409139156153,0.010996472063469641,0.15800838750309165,False
212,101212,success,0.024257880078207533,0.008870746628463062,0.0018544676766435258,True
213,101213,success,0.040416962255307644,0.01126661009183329,0.1975041992042833,False
214,101214,success,0.07053725874753715,0.014693690362087262,0.9188972651327582,False
215,101215,success,0.038594981661741565,0.010653682554117326,0.1421918515327239,False
216,101216,success,0.04359485725603189,0.009925255928350366,0.259354153585599,False
217,101217,success,0.05908150641241348,0.013729035604264661,0.7458482907099295,False
218,101218,success,0.04709760173887442,0.011690811202568801,0.40196538295151535,False
219,101219,success,0.05356240576425529,0.012991081684079234,0.6080419644025953,False
220,101220,success,0.04845102121982159,0.011666602656709817,0.44718750666903406,False
221,101221,success,0.0399989493629304,0.011308393857866389,0.1882423778407371,False
222,101222,success,0.049960489228429675,0.012333960777143237,0.498722025257194,False
223,101223,success,0.033935945870761965,0.009286454571990363,0.041829687299629915,True
224,101224,success,0.037645810157844045,0.010040192754752276,0.10925994607925854,False
225,101225,success,0.04555511705905107,0.011249593921336247,0.34637902147756017,False
226,101226,success,0.07021751171020484,0.014924095056119777,0.9122417139488173,False
227,101227,success,0.025443038100258535,0.008637350538225412,0.0022337627762619478,True
228,101228,success,0.04836910877850802,0.011708993723702155,0.4446123352968325,False
229,101229,success,0.06315203396729714,0.014904475589603654,0.811225620622986,False
230,101230,success,0.04956054229832109,0.011352425240601831,0.48456061343483,False
231,101231,success,0.06390073179381388,0.013371900894570023,0.8507250087147206,False
232,101232,success,0.04081458993710966,0.012124753471418368,0.2243527267830358,False
233,101233,success,0.045944290315389484,0.01154149903853729,0.36264326631607846,False
234,101234,success,0.049877716673184865,0.013142192394711667,0.4962880405433059,False
235,101235,success,0.05406735439298613,0.013069196922079964,0.6221821156509739,False
236,101236,success,0.051741718457833416,0.01154737125919905,0.5599460616065515,False
237,101237,success,0.04971377217528991,0.01252834429908638,0.4908863896498688,False
238,101238,success,0.04300846394458977,0.01061110027560851,0.2549835611458635,False
239,101239,success,0.05311389731851247,0.012588777979287468,0.5976832558374746,False
240,101240,success,0.03815254285696218,0.010582123813879374,0.13144794298495505,False
241,101241,success,0.04223043373735063,0.008465334453643308,0.17935924574423184,False
242,101242,success,0.049490507787564426,0.012600281825803106,0.48387316934097235,False
243,101243,success,0.05576017116442293,0.012453026684700969,0.6781572038599182,False
244,101244,success,0.05807075365432058,0.011056297665198703,0.7672954083723524,False
245,101245,success,0.03471122272083354,0.00860588347206693,0.03782120207457039,True
246,101246,success,0.052755127222369344,0.011548595915991396,0.5942797696643554,False
247,101247,success,0.03226248547918266,0.010953687406965413,0.05268931859101555,False
248,101248,success,0.04296389801880595,0.012324332948801933,0.2840298568677744,False
249,101249,success,0.04886210032962753,0.012988848882840234,0.46509496019960456,False
250,101250,success,0.03888599948197809,0.01181427431641053,0.17342252645503137,False
251,101251,success,0.04943175720371766,0.011277636280056227,0.4799071202081499,False
252,101252,success,0.036770168929505735,0.01034725480830445,0.10052185102077488,False
253,101253,success,0.05789734339760555,0.012443908475857515,0.7371668450318972,False
254,101254,success,0.04277059173374925,0.011529993335496596,0.2653267054994897,False
255,101255,success,0.04043415473597883,0.011244999912504161,0.19747483452782805,False
256,101256,success,0.049539626475250974,0.013577290110892717,0.48647541042630843,False
257,101257,success,0.0451292153150247,0.01180878160463383,0.33999696945618363,False
258,101258,success,0.06459762583985154,0.013958193614629041,0.8521757403668262,False
259,101259,success,0.037201421744618234,0.00919560438103828,0.08198924381940792,False
260,101260,success,0.05795736412077945,0.013557016580991295,0.7213831702788698,False
261,101261,success,0.04765269890356814,0.01229077187562188,0.42427032895713496,False
262,101262,success,0.06285933578031805,0.013748649110154403,0.8251873443407558,False
263,101263,success,0.05544537085522336,0.015229994273420656,0.639657157666671,False
264,101264,success,0.04541793451223219,0.01041117636787873,0.329928627390261,False
265,101265,success,0.04033086347416474,0.009983156432774691,0.166386121220155,False
266,101266,success,0.053488685138091,0.012241877756046269,0.6121701054778976,False
267,101267,success,0.05152893794009412,0.011170001642115,0.554436755634757,False
268,101268,success,0.02949992375082584,0.008273424229112154,0.006609345402026839,True
269,101269,success,0.047496210867455466,0.010788892416714092,0.40824143144233305,False
270,101270,success,0.035042905870775375,0.01187378073632262,0.10389347514103053,False
271,101271,success,0.06324141511285553,0.012533936361163674,0.8546175349615579,False
272,101272,success,0.040607658388150135,0.011047501859839184,0.19761310139121546,False
273,101273,success,0.06850770031960991,0.014780974084242188,0.8947387417654558,False
274,101274,success,0.034346489659328565,0.009423164575438214,0.048339313080553815,True
275,101275,success,0.03608633769251956,0.010363930133527282,0.08971561921427518,False
276,101276,success,0.044892717320860705,0.011446238544454057,0.32772730516520154,False
277,101277,success,0.08137448190177064,0.015897406117095537,0.9757840916646564,False
278,101278,success,0.049111321522767495,0.012417488503783686,0.4714733771448467,False
279,101279,success,0.06099614332048382,0.01577036272760721,0.7571819399112398,False
280,101280,success,0.041603901470020035,0.011063851755193562,0.2239631801552775,False
281,101281,success,0.03099351537663972,0.010595542147542715,0.03642103312671242,True
282,101282,success,0.06756680047105722,0.01562500171228398,0.869551832324256,False
283,101283,success,0.04803685737743443,0.010561138357829599,0.42626801408895054,False
284,101284,success,0.03307653436182149,0.009919709829497227,0.04399990442912427,True
285,101285,success,0.05142904804361051,0.011653604687949404,0.5487988132123942,False
286,101286,success,0.025997913528771996,0.006792275389599841,0.00020486752110722984,True
287,101287,success,0.06449069328201461,0.013619192368913723,0.8563335314099415,False
288,101288,success,0.036870697408071015,0.009519382958382783,0.08391380300424234,False
289,101289,success,0.02692439723123245,0.009238801136825679,0.006250384328125322,True
290,101290,success,0.07375527975087186,0.016135714129660004,0.9295189153359298,False
291,101291,success,0.05649389753908102,0.01405566328167295,0.6779639596926905,False
292,101292,success,0.0484458287248132,0.012168180150048993,0.44918361255073075,False
293,101293,success,0.0683858821844287,0.014803261142938465,0.8928846082080271,False
294,101294,success,0.05089581109389315,0.012297091601830939,0.5290362224692328,False
295,101295,success,0.038193777605632834,0.010215949243138418,0.12390895634682592,False
296,101296,success,0.04769509594001864,0.012200851477646279,0.4250803543509594,False
297,101297,success,0.047280194082831226,0.011044501389761867,0.4027409413610028,False
298,101298,success,0.061671132184903936,0.01492583837824399,0.7828755176150257,False
299,101299,success,0.057188216174068746,0.012454629475144216,0.7180816608886436,False
300,101300,success,0.033791325839867964,0.01035602946874789,0.05877461083625176,False
301,101301,success,0.04442129538174558,0.011273425488926393,0.3103514375883104,False
302,101302,success,0.04669182799653532,0.01172604217918697,0.3889250629789016,False
303,101303,success,0.08501974130969557,0.018193596027539605,0.9728752419385104,False
304,101304,success,0.058965193591333134,0.013641045380502639,0.7444808729956305,False
305,101305,success,0.04239674768664784,0.010466787443543154,0.23379158694624952,False
306,101306,success,0.05960030960515441,0.013869484710712709,0.7555907869834846,False
307,101307,success,0.03225215922584587,0.01103042876733759,0.05380935143325194,False
308,101308,success,0.06681089644807249,0.013715113916335493,0.8898480656949515,False
309,101309,success,0.06753376908207562,0.015002866681879874,0.8787366482070802,False
310,101310,success,0.051251498808917766,0.012113952681693456,0.5411417386315638,False
311,101311,success,0.06647763327568618,0.014361087083800872,0.8743878303043864,False
312,101312,success,0.04239722467918206,0.010828336420612015,0.24130263313454514,False
313,101313,success,0.06082981740661541,0.013141171937434224,0.7950624694188286,False
314,101314,success,0.03546578876727775,0.010348660163213608,0.08009193543524112,False
315,101315,success,0.03837136234416806,0.010187238286435966,0.12683289213843485,False
316,101316,success,0.03824816669565652,0.011000841851706364,0.14270010672826794,False
317,101317,success,0.0489846354243608,0.012281237640725456,0.4670545528940316,False
318,101318,success,0.04219323693420506,0.012725739176319233,0.26978530378900956,False
319,101319,success,0.06112352300207931,0.013682829099945127,0.791878042682006,False
320,101320,success,0.037221369001201744,0.009951277485421791,0.09955004613750429,False
321,101321,success,0.06131231180510311,0.012488123635679393,0.8174912084466639,False
322,101322,success,0.03764994671902302,0.009942186349078914,0.10708381259523181,False
323,101323,success,0.0483521195415585,0.009984493637769501,0.4344546871576621,False
324,101324,success,0.038868531203455584,0.011709058768685695,0.1708855728406603,False
325,101325,success,0.046001502255821766,0.011226329670421933,0.36085609814056463,False
326,101326,success,0.042931379358021854,0.01042253254595999,0.2488206498110428,False
327,101327,success,0.05376112392526733,0.012823679017537691,0.6153517514785946,False
328,101328,success,0.06079120262018711,0.013535714341663563,0.7873439498642575,False
329,101329,success,0.051879105415256026,0.012199277682784926,0.5612085969646223,False
330,101330,success,0.04903495728808762,0.011852719598653192,0.46755416392188165,False
331,101331,success,0.04486060464725889,0.012763140032665083,0.34359372316429754,False
332,101332,success,0.061162923402096774,0.015302664628837573,0.7671446647600566,False
333,101333,success,0.0741409339337528,0.014443413928453828,0.9526800999245465,False
334,101334,success,0.02356698189563495,0.008820121801268479,0.001363703319331468,True
335,101335,success,0.023406047615591515,0.008564976331446797,0.0009515074638026691,True
336,101336,success,0.0495528206103294,0.012956719886192082,0.48623391134678207,False
337,101337,success,0.035205035300045574,0.009995077823762131,0.06940659700370433,False
338,101338,success,0.05218864483263744,0.013177568280621523,0.5659564161116061,False
339,101339,success,0.03735555042501387,0.010442072634935134,0.11296422667512213,False
340,101340,success,0.03843124757267046,0.009315224990531015,0.10713327363474129,False
341,101341,success,0.043331090670830776,0.011260992474619804,0.2768538877099136,False
342,101342,success,0.04232011868931424,0.011442383826074366,0.25105343126672813,False
343,101343,success,0.03796323541569124,0.009764674180457905,0.10884670881982367,False
344,101344,success,0.03784362930053921,0.010550814871310276,0.12462486515629745,False
345,101345,success,0.03434815317274859,0.00944697931688079,0.04877897914764932,True
346,101346,success,0.04940944852346861,0.011505061635131993,0.4795313970982024,False
347,101347,success,0.0476925815376958,0.012469211033712561,0.4265951935055789,False
348,101348,success,0.044721241630538935,0.011468859830623911,0.3226616459466235,False
349,101349,success,0.03716344083238285,0.009570673132321295,0.08992144905704214,False
350,101350,success,0.0584828435666673,0.013778142246238571,0.7309451405560733,False
351,101351,success,0.0693267342410207,0.014729251516708336,0.9052623370066024,False
352,101352,success,0.025527610156327964,0.007627278936045733,0.0006670658292338475,True
353,101353,success,0.04006664873803847,0.011766775104714232,0.1992826325285409,False
354,101354,success,0.04995606643618643,0.012747255069096373,0.4986250434826806,False
355,101355,success,0.05152072807803257,0.01122656623068872,0.5538751107696741,False
356,101356,success,0.06850558355936148,0.013193557828812428,0.9196353088463501,False
357,101357,success,0.043798818662299295,0.011794572503170116,0.29952551421575413,False
358,101358,success,0.03753411066400399,0.01101578623172085,0.1288931943200894,False
359,101359,success,0.04152100064014624,0.012498231457411666,0.24875400469750913,False
360,101360,success,0.04531853720302267,0.010946252846566938,0.3344430748716728,False
361,101361,success,0.05259482964144922,0.01332680753889673,0.5771890376442184,False
362,101362,success,0.025979143098241154,0.0086934497569068,0.0028627753448888164,True
363,101363,success,0.0556211298253297,0.01426290003557396,0.6532495240188976,False
364,101364,success,0.048965494646125624,0.010476889286552278,0.4606716985437973,False
365,101365,success,0.0639510424671167,0.0160856954054088,0.807109789798488,False
366,101366,success,0.07252148030720171,0.015267978052327217,0.9299044045294332,False
367,101367,success,0.04979624833001977,0.013452263814633538,0.4939577420461068,False
368,101368,success,0.05885872651022866,0.013811666616375519,0.7393667856667087,False
369,101369,success,0.033354403120056324,0.009634839961469301,0.042025816461987366,True
370,101370,success,0.042667421348230504,0.01047312120050734,0.24192209796097747,False
371,101371,success,0.042489460215772795,0.010923273499649933,0.245861092760776,False
372,101372,success,0.047835161934930204,0.013050837688322978,0.4341267455343253,False
373,101373,success,0.038847979103839775,0.01290446714760075,0.19373943349599487,False
374,101374,success,0.0608215667973744,0.013622786798067731,0.7865106869322875,False
375,101375,success,0.048023776951694845,0.010826595984791035,0.4275817945486877,False
376,101376,success,0.06026263906054707,0.013592937097286373,0.7748748810225465,False
377,101377,success,0.06768250272555913,0.013726014971671438,0.9011700668687453,False
378,101378,success,0.0656657091241019,0.015275063143257571,0.8474538093660451,False
379,101379,success,0.03272739467024969,0.009464678990206378,0.03400397329315262,True
380,101380,success,0.07164825259558685,0.015028134178875835,0.9251391242927671,False
381,101381,success,0.04636046077902985,0.01096949627043687,0.3700249486855842,False
382,101382,success,0.04887202071018334,0.012943100094582024,0.4652765060348676,False
383,101383,success,0.05266962873686285,0.011229161148798503,0.5939588963780977,False
384,101384,success,0.05508641941486309,0.014014030569531885,0.641679602547354,False
385,101385,success,0.04713283309385343,0.011583708197044398,0.4022539946888106,False
386,101386,success,0.047685548740204475,0.011172435846196553,0.417943520232994,False
387,101387,success,0.02619618818804669,0.008113637108018056,0.0016741839936884211,True
388,101388,success,0.046417412968502825,0.011239960479057311,0.37496312088870254,False
389,101389,success,0.047222987600624246,0.011297451868312967,0.40291514586321786,False
390,101390,success,0.07871913013740946,0.015633583557613878,0.9668961719395982,False
391,101391,success,0.05161049923320892,0.011570923318008615,0.5553480285638699,False
392,101392,success,0.04038664621221522,0.011006654479581412,0.19121903656424422,False
393,101393,success,0.047399839984974566,0.011406028233501881,0.40983724343353245,False
394,101394,success,0.03672073090747493,0.00959295517468883,0.0831374350197141,False
395,101395,success,0.04263971748246889,0.011677543203537874,0.2642512051085357,False
396,101396,success,0.048726113751889344,0.012660844137541186,0.45992756114860867,False
397,101397,success,0.04750716231938107,0.009569300344335407,0.397237649572576,False
398,101398,success,0.060568080803608315,0.012535165308850103,0.8004066679199264,False
399,101399,success,0.0580940248861617,0.011441476494918976,0.7603498391686041,False
400,101400,success,0.038307361885850315,0.010472594418945623,0.13210436195103636,False
401,101401,success,0.04624938067459265,0.010536866655088685,0.3609382360657018,False
402,101402,success,0.06634904842959423,0.0159370917028346,0.8475186002877836,False
403,101403,success,0.05522312790719422,0.01317830931374548,0.6540739184954314,False
404,101404,success,0.05756497466177855,0.012217276189624903,0.7321086981049749,False
405,101405,success,0.04738102638546415,0.011134631346298794,0.4070229778190328,False
406,101406,success,0.044192999846671646,0.01068161741291035,0.29334314303882947,False
407,101407,success,0.035971506687562785,0.009262537137222943,0.064944327229066,False
408,101408,success,0.04912937704634666,0.011663466809455177,0.4702484660903805,False
409,101409,success,0.0628024866123867,0.013939849126075678,0.8207976794291869,False
410,101410,success,0.045455087346928394,0.011413992177924557,0.34524587205998525,False
411,101411,success,0.0533030709787652,0.011411397948677234,0.6138828842172875,False
412,101412,success,0.04920673857026236,0.012993910655665783,0.4756602098434182,False
413,101413,success,0.036421195447981586,0.009822839930014626,0.0834289782442546,False
414,101414,success,0.044293895595918245,0.010338580846049009,0.2905004272875746,False
415,101415,success,0.062397945091825224,0.013692443280552524,0.8173888468274486,False
416,101416,success,0.04435444116212618,0.011014961005721451,0.30413813153537717,False
417,101417,success,0.046520925511116744,0.011827984422190586,0.38432574909015166,False
418,101418,success,0.04901641605661109,0.013880063457581466,0.4717533666597301,False
419,101419,success,0.033102821562829975,0.009513430565385823,0.03785497541897468,True
420,101420,success,0.04020840725930764,0.010090463627539712,0.16592834354348862,False
421,101421,success,0.044682894090240496,0.010927955406623648,0.3132850902929649,False
422,101422,success,0.049492963466998115,0.012381414897565203,0.48366731191945556,False
423,101423,success,0.04240236443142668,0.010230321818592061,0.2288442272290796,False
424,101424,success,0.054660656977068754,0.011718618463146374,0.6545794399985103,False
425,101425,success,0.04269899399916146,0.011694663742535473,0.26621452202441653,False
426,101426,success,0.04286316246636447,0.011429754056129709,0.2661796161820268,False
427,101427,success,0.06301063670753902,0.013316334181181074,0.8357261718823985,False
428,101428,success,0.07661911041353324,0.014739076538340713,0.9645426221844119,False
429,101429,success,0.06338572006276043,0.012199015101178845,0.8637402217642498,False
430,101430,success,0.06548187160462383,0.015830246310466454,0.8359611307180347,False
431,101431,success,0.050535211781256036,0.010465175802737038,0.52039388271729,False
432,101432,success,0.05787661082882238,0.013479726836421731,0.7205008949918392,False
433,101433,success,0.039882878750889986,0.009960388355979231,0.15487765031544992,False
434,101434,success,0.04822245338489364,0.01187445648872846,0.4405026315253553,False
435,101435,success,0.04394956473710076,0.012065128752924075,0.3080162522936952,False
436,101436,success,0.05195449272262501,0.012089297749921785,0.5642176545664936,False
437,101437,success,0.05338658254317424,0.01271866764796767,0.6049838446387625,False
438,101438,success,0.03181887308885768,0.011752509243052264,0.060931672968031106,False
439,101439,success,0.03372414770828066,0.010831717163934818,0.0664697529269751,False
440,101440,success,0.04349026592925785,0.011940915341560509,0.2928210295666681,False
441,101441,success,0.04540095245830918,0.012758775290974815,0.35925101369636925,False
442,101442,success,0.044998489773646594,0.013387263522171912,0.3543501728467102,False
443,101443,success,0.05447771609415266,0.01300663027793149,0.6346761665369214,False
444,101444,success,0.04531736682537472,0.01110362917458232,0.3366143511870122,False
445,101445,success,0.050954186809321865,0.01232771697772426,0.5308480237890919,False
446,101446,success,0.061572342336040156,0.011926421644952782,0.8340543402733124,False
447,101447,success,0.046800091136103956,0.011584081109405004,0.3911844440109026,False
448,101448,success,0.030138164650922703,0.009307047167295726,0.016418766546032457,True
449,101449,success,0.05522833918142789,0.012141831422838839,0.6666223730400801,False
450,101450,success,0.05070325768956627,0.01370738796667775,0.5204587623930778,False
451,101451,success,0.06134444496859092,0.012481567967059569,0.8182974401215749,False
452,101452,success,0.05656982961070346,0.013235719274112849,0.6901837230915974,False
453,101453,success,0.05703589729032735,0.012547759636978448,0.7125089771139311,False
454,101454,success,0.03598696074739802,0.010691813693220897,0.09499096505258536,False
455,101455,success,0.05101129072854444,0.012985108778016332,0.5310385659102629,False
456,101456,success,0.05152080454701392,0.011898268024726124,0.55085322230554,False
457,101457,success,0.07655204160664396,0.014320670578775648,0.9681380035655014,False
458,101458,success,0.04962692437808023,0.011804485744037524,0.4873937019422182,False
459,101459,success,0.03937275786501668,0.011382573552321149,0.17524444593906863,False
460,101460,success,0.039327233581666995,0.010991316255625728,0.16576964647250975,False
461,101461,success,0.0621133901258005,0.013508425059783896,0.8150681031281005,False
462,101462,success,0.055081649267491144,0.011990520358423863,0.6641461907413748,False
463,101463,success,0.03229800119587355,0.010019651530780865,0.03863689677338691,True
464,101464,success,0.04309663667815118,0.010810991401780446,0.2615577152573572,False
465,101465,success,0.0421131831643285,0.010772583540591392,0.23204786281304973,False
466,101466,success,0.03387671948824276,0.010161471384919437,0.05628947960954952,False
467,101467,success,0.02660015760323118,0.006920421790679342,0.0003607527633297806,True
468,101468,success,0.05416925488278752,0.013136999369123445,0.6245175666738014,False
469,101469,success,0.05646705007856045,0.011310481433161717,0.7162627786215062,False
470,101470,success,0.041884530630951065,0.012104693274314529,0.2512887027486478,False
471,101471,success,0.042828190480563647,0.011793729503646452,0.27155937812795394,False
472,101472,success,0.04401844659318296,0.011791775100208422,0.3059844877987299,False
473,101473,success,0.03562669968827377,0.00995528313797552,0.07439956391962706,False
474,101474,success,0.0460841087592613,0.011586770076191926,0.36769580633524696,False
475,101475,success,0.041937569577678066,0.010503127479469429,0.22135593089379152,False
476,101476,success,0.022866748586921764,0.009032217179800286,0.0013320482929046241,True
477,101477,success,0.07533618869380512,0.014247217115499356,0.9623247900520456,False
478,101478,success,0.04346213155102272,0.011881887614481659,0.29107800304692566,False
479,101479,success,0.04060559940092721,0.012058406265348893,0.21796782318097324,False
480,101480,success,0.043562444656041074,0.012881453735015546,0.30862422554077984,False
481,101481,success,0.035954306380639296,0.009922141232981236,0.07844764705775484,False
482,101482,success,0.02423918547956754,0.007773409411310021,0.0004599134511496887,True
483,101483,success,0.05707387372933489,0.012623622147734189,0.7123857685740518,False
484,101484,success,0.03348122245007335,0.009890115433383301,0.04743683283171893,True
485,101485,success,0.034696870058672565,0.01020986359755712,0.06695531067249902,False
486,101486,success,0.04121475689573647,0.010234971195689231,0.19534811516959277,False
487,101487,success,0.056960489771917006,0.012033612494745919,0.7185099168969837,False
488,101488,success,0.04801832657266364,0.011358684722673184,0.4307506920633911,False
489,101489,success,0.05404393912973836,0.012822421927111777,0.6237635344646288,False
490,101490,success,0.05455549426680866,0.011450838106130276,0.6546224854676826,False
491,101491,success,0.04145812726252078,0.010668498914217008,0.21166337340436392,False
492,101492,success,0.04717067147660788,0.012498276200163165,0.41045391297505895,False
493,101493,success,0.047127959914478594,0.0109515747096999,0.39656471914109553,False
494,101494,success,0.04241448989337318,0.010286108250883576,0.230423790876629,False
495,101495,success,0.05571050878531928,0.014099013743273114,0.6572718858285336,False
496,101496,success,0.047621944223934266,0.012324470618526642,0.42349750090401583,False
497,101497,success,0.0718630157136705,0.013455886329241381,0.9478965509633475,False
498,101498,success,0.02639791035892988,0.008256246487821984,0.002126938582909341,True
499,101499,success,0.061580903365175806,0.014203142820470745,0.7925714730339906,False
500,101500,success,0.042276880100261406,0.01096026122538331,0.24051483720430278,False
501,101501,success,0.07183807733235123,0.014862566451859141,0.9291289188547405,False
502,101502,success,0.05604382616285013,0.013273248887693012,0.6755672672084463,False
503,101503,success,0.0558712568255133,0.015391651918272317,0.6485679971425149,False
504,101504,success,0.0695102680105565,0.015503955647342168,0.8958774858102249,False
505,101505,success,0.047110883300638166,0.011012959003937835,0.39653046681078363,False
506,101506,success,0.03946749451088699,0.011874338990330083,0.1875402027878066,False
507,101507,success,0.06720628798241977,0.016246961038318315,0.8552107090693357,False
508,101508,success,0.03540015481084761,0.011522881915523881,0.10257215564598732,False
509,101509,success,0.04007541888667105,0.010440298053437378,0.17090291268047525,False
510,101510,success,0.04767900920052725,0.012702025065156868,0.4275064895555122,False
511,101511,success,0.06215742447086055,0.012591570602234977,0.8328580113687316,False
512,101512,success,0.05798029247131429,0.014336207561277998,0.7111177212605387,False
513,101513,success,0.03383393283583465,0.009059921474611567,0.03718343848329745,True
514,101514,success,0.040062694642448576,0.009474285830627663,0.14711870575554753,False
515,101515,success,0.03616926608735858,0.010014419204320748,0.08362687762895293,False
516,101516,success,0.04291084163626525,0.01074094963938373,0.2546229833555732,False
517,101517,success,0.03960634343893865,0.011223651921591065,0.17721014412942837,False
518,101518,success,0.04335271465419278,0.010189071718528777,0.2570736406995781,False
519,101519,success,0.04511209873368479,0.010261480636328929,0.31691790574281953,False
520,101520,success,0.05943477841776171,0.012896531010927184,0.7677859643092592,False
521,101521,success,0.05270267847276962,0.012557708542335127,0.5852023627321881,False
522,101522,success,0.042252036098686274,0.01049045123791831,0.23008316626944536,False
523,101523,success,0.03258004962822401,0.010040054388671919,0.041366380376501755,True
524,101524,success,0.027098548138467408,0.01048103897683931,0.01444308824523599,True
525,101525,success,0.024128727982527538,0.008488875186480874,0.0011531234210969184,True
526,101526,success,0.0712372699394603,0.012924758238902687,0.9498236764330459,False
527,101527,success,0.049950406891315004,0.012967756196357746,0.4984743127998249,False
528,101528,success,0.018601742216906022,0.0068169764143485734,2.0535066376841885e-06,True
529,101529,success,0.030791496690592068,0.00975855323265377,0.024512387771965592,True
530,101530,success,0.049792313622269435,0.01274431318311331,0.493498966263156,False
531,101531,success,0.0535072120074689,0.013671892735584461,0.6012280998030679,False
532,101532,success,0.04133867594204477,0.01043746240686356,0.20331732789175244,False
533,101533,success,0.042115857918490374,0.010465275792413338,0.2256161774472431,False
534,101534,success,0.032495006280276136,0.011122715069587268,0.057766173979873575,False
535,101535,success,0.04069259348294667,0.011268063823175337,0.2044024033594387,False
536,101536,success,0.04673164487015121,0.01225608616866419,0.3948608533548087,False
537,101537,success,0.06010553658601002,0.013166772862309615,0.778608720385801,False
538,101538,success,0.047640008213464854,0.011104023499126743,0.41584490259391144,False
539,101539,success,0.04057706088411948,0.010515994789763403,0.18511094796617295,False
540,101540,success,0.07157555733079914,0.01684083031874582,0.8999287525763582,False
541,101541,success,0.06777566917097601,0.01376544803919683,0.9017045223390567,False
542,101542,success,0.07485156830947284,0.013867607784162423,0.9634382247245087,False
543,101543,success,0.05157583485327443,0.012201043534452375,0.5513827929364056,False
544,101544,success,0.04763075824413831,0.012613978784162878,0.4255062602050774,False
545,101545,success,0.0986660474450128,0.01863976907772038,0.9954844128920457,False
546,101546,success,0.07082208957493712,0.014160532046770846,0.9292775105798132,False
547,101547,success,0.05138100972377737,0.01193984303950041,0.5460405713841039,False
548,101548,success,0.046685048464224985,0.012329599213512097,0.3940182261866956,False
549,101549,success,0.05596058050393502,0.012846371352818586,0.6786723402169483,False
550,101550,success,0.05477352856436762,0.013331871396421377,0.639848511753797,False
551,101551,success,0.06271150294958155,0.013656874139885597,0.8240155088978153,False
552,101552,success,0.03945961465879386,0.010991106158864573,0.16878133122716787,False
553,101553,success,0.0457645185044857,0.01267836888381461,0.3691628091567952,False
554,101554,success,0.06324520957142529,0.012692501191938524,0.8516522692842987,False
555,101555,success,0.03180824947808295,0.009849375783109276,0.03237391262833194,True
556,101556,success,0.0531675507647891,0.014050518848615148,0.589181551241239,False
557,101557,success,0.04675956497143637,0.01084300771356671,0.3825271728972285,False
558,101558,success,0.035167191984241564,0.009484230053419793,0.05891531887313099,False
559,101559,success,0.045440059383534376,0.010955064550101003,0.3386170443734398,False
560,101560,success,0.04204270532438061,0.010047967770864159,0.21420052730375916,False
561,101561,success,0.05831409314083465,0.013523535198677534,0.7306522901312015,False
562,101562,success,0.0645995651720788,0.013861387617107515,0.8538877555387188,False
563,101563,success,0.054598007669212814,0.012214715661693798,0.6467020538039052,False
564,101564,success,0.03326520493046584,0.01008113221826093,0.048456072984739855,True
565,101565,success,0.05511595586948042,0.012590978728406164,0.657745944526362,False
566,101566,success,0.057870691591471304,0.013539061795109563,0.7194916840131247,False
567,101567,success,0.036003918128680916,0.009224945152799287,0.06460816539627545,False
568,101568,success,0.07028597534773348,0.014764859584007467,0.915269257885877,False
569,101569,success,0.059732994115348124,0.014722826846340997,0.745720098900224,False
570,101570,success,0.06650761942221807,0.013786239440788562,0.8844243235219078,False
571,101571,success,0.047763471801973954,0.009991184219588578,0.41143694860137064,False
572,101572,success,0.04245343875826508,0.010595249959306115,0.23815223017172016,False
573,101573,success,0.05132441648046919,0.013696014821736185,0.5385180235639236,False
574,101574,success,0.02973202891271842,0.008537858214698383,0.008800799423725135,True
575,101575,success,0.04802209312267313,0.011527005205391466,0.4318803422426587,False
576,101576,success,0.06403191603622092,0.012396589385293188,0.8711654324165414,False
577,101577,success,0.04018270038909237,0.011746605426281271,0.20164600476094252,False
578,101578,success,0.056818333186501604,0.012882969854056877,0.7016845580016783,False
579,101579,success,0.05611998011719927,0.01372805620693142,0.6721294722019135,False
580,101580,success,0.04650730990171157,0.01135787995680653,0.3792266537477911,False
581,101581,success,0.05132484999577058,0.012650413159867887,0.5417041007463398,False
582,101582,success,0.0475535995767919,0.011554272207090743,0.41615835590182715,False
583,101583,success,0.03255157275095699,0.00871906046005748,0.02268638754550739,True
584,101584,success,0.046693887709421955,0.011261176034613641,0.3845375221604811,False
585,101585,success,0.0356304408750533,0.010052303873488846,0.0764332770301288,False
586,101586,success,0.07951968515923759,0.015759123931369187,0.9694782745728717,False
587,101587,success,0.0534419548736783,0.011685572770025306,0.6158301688841603,False
588,101588,success,0.03508581195707939,0.010031535148237718,0.06854301803333586,False
589,101589,success,0.03540636973432008,0.009239717629272334,0.05711695601613461,False
590,101590,success,0.03890908036196071,0.011110995079343712,0.15909284367742144,False
591,101591,success,0.03472500901306933,0.009008903606092168,0.044986150837571744,True
592,101592,success,0.04881154065628957,0.011633458150261795,0.45931534135590973,False
593,101593,success,0.06352089131549608,0.014137393358776442,0.8305629126330211,False
594,101594,success,0.05717026348648208,0.013339674386653766,0.7045437367277051,False
595,101595,success,0.03922015614823148,0.010241083252079163,0.14626039622927295,False
596,101596,success,0.03938613188313839,0.011113220253677851,0.169771949145333,False
597,101597,success,0.03206757265996267,0.010702018209333997,0.04690713398450082,True
598,101598,success,0.040732131184823855,0.01038235196304946,0.18602070896584916,False
599,101599,success,0.04442521225124071,0.011175773946620865,0.30895031849225063,False
600,101600,success,0.04680690331977245,0.013762562689685143,0.4082638674269347,False
601,101601,success,0.07226797244949419,0.014075436539591575,0.9431803384471131,False
602,101602,success,0.0727671059153969,0.014478657249557828,0.9420780178955385,False
603,101603,success,0.04684139084732918,0.011623341303193403,0.39290824608125513,False
604,101604,success,0.06793843667405294,0.012622174306250277,0.9223684144256812,False
605,101605,success,0.046070052432924974,0.01105869396984422,0.36115555016932754,False
606,101606,success,0.06856528472329883,0.015796795944112586,0.8800539137113446,False
607,101607,success,0.04743908007555884,0.010780129431227983,0.4061114631494826,False
608,101608,success,0.06308236772089823,0.014317759018874205,0.8195669935227236,False
609,101609,success,0.046406132515945504,0.011799495894707376,0.38034376878625054,False
610,101610,success,0.057491579670596815,0.013968221075660269,0.7041348403249494,False
611,101611,success,0.04254595766872764,0.0116369071649348,0.26090694804179526,False
612,101612,success,0.052887755986793045,0.01269542223075104,0.5899686570050036,False
613,101613,success,0.06373539510733844,0.011903589468080867,0.87572671519496,False
614,101614,success,0.05448385287304533,0.015585067445222785,0.6132125164682787,False
615,101615,success,0.04012003851720248,0.0111856460082027,0.18854481960900799,False
616,101616,success,0.03746437065417828,0.010174798993513132,0.1089694576196174,False
617,101617,success,0.053932264552942734,0.012452126578513656,0.6239192741880265,False
618,101618,success,0.03517033157024245,0.00947070882723914,0.058692375508510954,False
619,101619,success,0.04418439185372765,0.010827959919709106,0.295602113096223,False
620,101620,success,0.05003137072394164,0.012423120830153827,0.501007403455029,False
621,101621,success,0.048805747944713505,0.010976237214441737,0.45667920891664027,False
622,101622,success,0.038158891569202005,0.010947821028015151,0.13971626470486587,False
623,101623,success,0.0298248603798464,0.009955628717718257,0.021356488041845808,True
624,101624,success,0.051836909264805484,0.011708921137868094,0.5623307504556295,False
625,101625,success,0.040347712269009274,0.010336042262413449,0.17519126909020394,False
626,101626,success,0.04445926073757817,0.011653651289855337,0.31723280283486155,False
627,101627,success,0.05250351972936601,0.012948822072976093,0.5766534818788847,False
628,101628,success,0.04440340777224682,0.011351280398570345,0.3109935023168989,False
629,101629,success,0.04509613056870698,0.01148084406548628,0.33464052927083343,False
630,101630,success,0.027772548134497973,0.009087996587383924,0.007226491770093646,True
631,101631,success,0.04995050746117036,0.012409525310137262,0.49840891464692383,False
632,101632,success,0.06302109493657987,0.01198153817425252,0.8614292655702452,False
633,101633,success,0.03194303493460589,0.008959944301176458,0.02193667490476503,True
634,101634,success,0.05983826996028841,0.014316993607931112,0.754013549046537,False
635,101635,success,0.05449790283835539,0.011879751604647151,0.6475146935165667,False
636,101636,success,0.033612252079429396,0.009616402270284359,0.04417696114270014,True
637,101637,success,0.034641709047748825,0.009135513572390758,0.046365591354148535,True
638,101638,success,0.05584869696188019,0.011376209109153304,0.6964147336122037,False
639,101639,success,0.053025286659012794,0.014112525364574923,0.5848703072571919,False
640,101640,success,0.024800509070348014,0.008738648289491896,0.0019652714059651853,True
641,101641,success,0.03935859081642223,0.009351619008184953,0.12757661227794825,False
642,101642,success,0.05346775447287145,0.012105709418178083,0.6127355990457701,False
643,101643,success,0.047570084544234684,0.011412783184295918,0.4156979049663391,False
644,101644,success,0.04959980253380323,0.011276356465234741,0.4858445251165509,False
645,101645,success,0.032446291733006116,0.01073783674237447,0.05105044354477011,False
646,101646,success,0.06291084618420681,0.014972340871273488,0.8057423864865663,False
647,101647,success,0.059358384798271956,0.012911837801006352,0.7657098939968714,False
648,101648,success,0.04466389861933089,0.011652844565091018,0.3235040093324633,False
649,101649,success,0.03622693674248204,0.009226468021299632,0.06774772806288983,False
650,101650,success,0.07748526888308363,0.015358222523724643,0.9632418960346539,False
651,101651,success,0.03605247742402283,0.011030753586314402,0.10303938055908546,False
652,101652,success,0.0512768704701901,0.011831476353435384,0.5429710120276495,False
653,101653,success,0.0640104583690673,0.01314778780156289,0.8567007719036923,False
654,101654,success,0.02437201733441692,0.007572620090487112,0.00035680602496786565,True
655,101655,success,0.042809242056656066,0.010837262413360447,0.25349826786357244,False
656,101656,success,0.07067659124918205,0.014333388712881387,0.9254259815736477,False
657,101657,success,0.050417609284767476,0.0118957825324417,0.5140022555052102,False
658,101658,success,0.041529516376047605,0.009794268442715732,0.19356306827347586,False
659,101659,success,0.05171683532944831,0.011650937028494146,0.5585744783899697,False
660,101660,success,0.03311657491643378,0.007568316622824202,0.012847083322221885,True
661,101661,success,0.04872877425286302,0.013671033232002873,0.46295702061117794,False
662,101662,success,0.042958609043021075,0.009813249134479323,0.2365207281631902,False
663,101663,success,0.04514760282302115,0.011508928889191264,0.33665112105081973,False
664,101664,success,0.04763311980061413,0.010976574123225788,0.4146380306074034,False
665,101665,success,0.051116326696873826,0.013176446044918706,0.5337585509876389,False
666,101666,success,0.06065569544852081,0.012228251862156415,0.8082320351437907,False
667,101667,success,0.06383930922149951,0.014019181100145087,0.8382202458210728,False
668,101668,success,0.05109035802287519,0.012192153932769286,0.5356303551673751,False
669,101669,success,0.03994117705903663,0.011415374116906102,0.18911438310739503,False
670,101670,success,0.04925950120230987,0.011760525457350957,0.47489727846753205,False
671,101671,success,0.04790122105556267,0.011777475728631377,0.4292818623319202,False
672,101672,success,0.04662948277496769,0.010967442079953238,0.3792998055103075,False
673,101673,success,0.04759632366468985,0.012825647698607055,0.4256689280898311,False
674,101674,success,0.0668285411008019,0.011815256099611789,0.9228210558918767,False
675,101675,success,0.05101801642319108,0.012822139013885531,0.5316408608683506,False
676,101676,success,0.05657245323986727,0.012986645783068244,0.6936043912011706,False
677,101677,success,0.0581196042797978,0.014354269495907967,0.7141867808756326,False
678,101678,success,0.04169767369494784,0.010875001129293791,0.22260283394239472,False
679,101679,success,0.04657339691659884,0.012038059258315453,0.3879571204856956,False
680,101680,success,0.029707396487787415,0.00794668550778116,0.005330884256899341,True
681,101681,success,0.06516737708193987,0.015328774414196611,0.8387836135094602,False
682,101682,success,0.07722411879013864,0.014289189313977246,0.971624576368165,False
683,101683,success,0.06347676273706448,0.01340343468705846,0.8426649081630296,False
684,101684,success,0.042689944029865354,0.01060940749943471,0.24540646738533262,False
685,101685,success,0.053711522726325546,0.012678023804678126,0.615144317932574,False
686,101686,success,0.06652326116149594,0.01456723212130965,0.8716605945198022,False
687,101687,success,0.057845133873238606,0.013187055779166165,0.7240487545418532,False
688,101688,success,0.06564125673471245,0.01500049030181346,0.8514601621041203,False
689,101689,success,0.03908390574264886,0.010608894998671686,0.15174999641894382,False
690,101690,success,0.044574138368146256,0.01164991261382228,0.3206998458971242,False
691,101691,success,0.044003894739605864,0.01027353760380686,0.27972937915344054,False
692,101692,success,0.04312791193434671,0.01163378962872007,0.27736047824493093,False
693,101693,success,0.05331670328573756,0.013107525052085746,0.5998806157736314,False
694,101694,success,0.06468771199839707,0.01389146399160255,0.8548170398704507,False
695,101695,success,0.030702416456291907,0.008539850255810815,0.011919633002168313,True
696,101696,success,0.04379130043647249,0.011485526620225403,0.294402947459897,False
697,101697,success,0.033470013551588206,0.009184046778904303,0.035941476600108796,True
698,101698,success,0.06017609599008778,0.012668954155650211,0.7890793680197008,False
699,101699,success,0.043264564979538955,0.011202035949655586,0.2738304742404758,False
700,101700,success,0.059608131362881026,0.014180872899718418,0.7509688085036298,False
701,101701,success,0.05063431335129161,0.011594016037692187,0.5218154114213138,False
702,101702,success,0.06051670463978194,0.012746482622060979,0.7953332780178325,False
703,101703,success,0.02774701108021586,0.00845481240627126,0.0042443074075640685,True
704,101704,success,0.06516134758601169,0.013188380562735674,0.8748454411234212,False
705,101705,success,0.05850223397840806,0.014334423546292578,0.7234542610852401,False
706,101706,success,0.039775365588770435,0.011315796861257704,0.18311126237966402,False
707,101707,success,0.03653185262629378,0.010466267627770524,0.09907943540602066,False
708,101708,success,0.054080406263883364,0.013153158353808815,0.6218041365089654,False
709,101709,success,0.04720442844690648,0.010344071857435615,0.3934807615715476,False
710,101710,success,0.05414245235507955,0.012548005712364349,0.6293485066272982,False
711,101711,success,0.08228240489014807,0.015867489188123425,0.9790493897861005,False
712,101712,success,0.05101108188861437,0.011897167267909249,0.5338633797853998,False
713,101713,success,0.04871772781281349,0.012408410790951742,0.4588469802897815,False
714,101714,success,0.0754233797092411,0.015642123913759142,0.9479522789054824,False
715,101715,success,0.04754690298035269,0.010684007886241218,0.409199528315639,False
716,101716,success,0.04634047162874959,0.013021880273437293,0.389344008410811,False
717,101717,success,0.03923426918460293,0.00954587859533297,0.1297046540942745,False
718,101718,success,0.05631340742307784,0.011091920787579172,0.7153863060211164,False
719,101719,success,0.06999800060335486,0.015554571910707343,0.9007203575293801,False
720,101720,success,0.04363991715763426,0.011319171528193827,0.28709688166329583,False
721,101721,success,0.04221491487905274,0.010740478053964535,0.2342763246030194,False
722,101722,success,0.06300736800281379,0.013949252898170119,0.8244551607570311,False
723,101723,success,0.04375485549737021,0.013358830217937325,0.3200740041518281,False
724,101724,success,0.03774565491313934,0.010682310912994479,0.12565726063661442,False
725,101725,success,0.06327846778325423,0.013907591940243455,0.8301514657643285,False
726,101726,success,0.057111942080897427,0.013512318089476805,0.7006706239110221,False
727,101727,success,0.04664465871118798,0.011995279204151964,0.3898454695270611,False
728,101728,success,0.04601768949311665,0.011066233266552289,0.35947538158084014,False
729,101729,success,0.039212210005081516,0.01038265135652463,0.14939754758995133,False
730,101730,success,0.03576727521831321,0.010263352454510414,0.0827586955866626,False
731,101731,success,0.049514860772613044,0.012205377439358523,0.48414702047072045,False
732,101732,success,0.07363858319613661,0.014297645799195978,0.9508671186871711,False
733,101733,success,0.0438651594058479,0.011305836663617685,0.29369367698153226,False
734,101734,success,0.0667162836925889,0.014438036867799934,0.8765261025725797,False
735,101735,success,0.04441858048386579,0.01146790826445091,0.3132358260188651,False
736,101736,success,0.0459607671064401,0.011479983463147653,0.3624753560160334,False
737,101737,success,0.050526397539405236,0.011534521702622218,0.518200092502261,False
738,101738,success,0.06457181783628234,0.014464867538982332,0.843127214540873,False
739,101739,success,0.04863786905116116,0.012782978469229907,0.4575697476969379,False
740,101740,success,0.06516423814815833,0.013519424281154775,0.8689971253762934,False
741,101741,success,0.05566110256737907,0.014715739413086217,0.6497690853075708,False
742,101742,success,0.06483328646824127,0.013779493040072132,0.8591426707311243,False
743,101743,success,0.04834812714795239,0.011546225005409803,0.4431190069809852,False
744,101744,success,0.06103537523287808,0.012626514501126798,0.808936593688804,False
745,101745,success,0.06201291888983452,0.013961937351442133,0.8052170488409428,False
746,101746,success,0.030549294636395493,0.008802940075091943,0.013567537017742748,True
747,101747,success,0.04493189468691917,0.011683930382340842,0.3322287652396305,False
748,101748,success,0.0248492902629062,0.008627030149749176,0.0017765169627673109,True
749,101749,success,0.0541312852273467,0.01150678194876558,0.6402138490757301,False
750,101750,success,0.06651633242063457,0.013852980634680864,0.8834200281430021,False
751,101751,success,0.0470733213871138,0.011797185436933163,0.4020351776442116,False
752,101752,success,0.060358789360302985,0.014243646077307453,0.7664656908366376,False
753,101753,success,0.04457325031348029,0.010503533510683312,0.3026969590716055,False
754,101754,success,0.045922118269393776,0.011117386911221555,0.35688329152247966,False
755,101755,success,0.06810659026308323,0.01329196327952848,0.913435910014192,False
756,101756,success,0.050311619071635304,0.012160661045595803,0.51022184718126,False
757,101757,success,0.03863039241256651,0.011251146041162736,0.1561209940175689,False
758,101758,success,0.05256649512573237,0.0108447949681411,0.5935384975396925,False
759,101759,success,0.029665477630131096,0.010203888828943413,0.023140534113176178,True
760,101760,success,0.04793268983386162,0.010951965999758659,0.42513985117353537,False
761,101761,success,0.04945012696003474,0.011710214857661907,0.48127386912014497,False
762,101762,success,0.05466776591823792,0.013083238964406347,0.6393696826813067,False
763,101763,success,0.02960324024430688,0.009798614747285715,0.018689681918934446,True
764,101764,success,0.023893895818183998,0.007014219905699258,9.887141623801637e-05,True
765,101765,success,0.07899704690038065,0.015080474206834683,0.9727487097892972,False
766,101766,success,0.04979325607085986,0.0117203762868894,0.49296314253152845,False
767,101767,success,0.03563650066934338,0.011491623378785704,0.10566614380997263,False
768,101768,success,0.03718740929740342,0.010397612244012039,0.10892546687116544,False
769,101769,success,0.0721688276103698,0.014740871351569039,0.9336967138818121,False
770,101770,success,0.0455981128218933,0.012305057384492371,0.3602727204445771,False
771,101771,success,0.05816562748228965,0.012194894439885194,0.7484416626343531,False
772,101772,success,0.04647978927929987,0.011573013287581488,0.3804976338129131,False
773,101773,success,0.046947251348949066,0.010696257846773052,0.38766754095787337,False
774,101774,success,0.04691554742393486,0.01166752700273186,0.3957504353877732,False
775,101775,success,0.04064942037197495,0.00950314057431792,0.1625709683019353,False
776,101776,success,0.08439009742710366,0.016339203399730832,0.982343886141758,False
777,101777,success,0.04758458816444742,0.012651163287385945,0.4242925331984626,False
778,101778,success,0.07580442572206597,0.01493642290439933,0.9579715891368943,False
779,101779,success,0.04222271358019352,0.010914746727473612,0.23806259445534533,False
780,101780,success,0.04507542625426661,0.01061177985607992,0.32129997646965147,False
781,101781,success,0.048502622064052106,0.010962254770138962,0.445675870209384,False
782,101782,success,0.03670725231220239,0.009163525284322172,0.07344354108427814,False
783,101783,success,0.07341260912280854,0.01614664867449638,0.9264704687659299,False
784,101784,success,0.033117189591596,0.008697624670524236,0.02612411219143094,True
785,101785,success,0.06473137541375311,0.014057125388607036,0.8526726337347564,False
786,101786,success,0.048912603090397314,0.011424035854376848,0.4620839401020174,False
787,101787,success,0.060839892272027636,0.014168815196997211,0.7778799589819567,False
788,101788,success,0.052080703285654485,0.01338468974227469,0.561768284098833,False
789,101789,success,0.05025439828938712,0.01167333868727427,0.5086935026362901,False
790,101790,success,0.03959431812977405,0.0111618706162773,0.17560302272266337,False
791,101791,success,0.026795733788078216,0.008554001266374216,0.0033370784235682714,True
792,101792,success,0.03798572451158688,0.009429854049954032,0.10131965527782555,False
793,101793,success,0.048136934719779874,0.011046348341863207,0.4330324629170961,False
794,101794,success,0.037948776512875856,0.009865332913090578,0.11093458810728535,False
795,101795,success,0.04429106093993406,0.009918370799549214,0.282445352555178,False
796,101796,success,0.0535067642766759,0.011429270915070708,0.6205109858675908,False
797,101797,success,0.045790272159147605,0.011681774616561207,0.35928629408750323,False
798,101798,success,0.04168743189331446,0.01165257847423682,0.2378092600954343,False
799,101799,success,0.04314598256403698,0.011745534194589664,0.2797641049672418,False
800,101800,success,0.054793538872587415,0.013063095961573717,0.6431728652106128,False
801,101801,success,0.06324747420448222,0.014073293145771772,0.8267295863188705,False
802,101802,success,0.06411271716142028,0.014043754913293979,0.8425300326819052,False
803,101803,success,0.03850640655864038,0.010670447997897093,0.14070829578648186,False
804,101804,success,0.05584968013449376,0.013127403197055196,0.672059901578522,False
805,101805,success,0.05429883329439665,0.013126151283591958,0.6283556686029667,False
806,101806,success,0.02876127248362195,0.008433806708151727,0.00589639559012573,True
807,101807,success,0.04598294462105399,0.011488652337000712,0.36329912011176163,False
808,101808,success,0.05081633288517432,0.013398515522818948,0.5242913722217684,False
809,101809,success,0.054534335075343866,0.011161380426709654,0.6577213393202822,False
810,101810,success,0.03907933219051134,0.010008406764054236,0.1376035573628575,False
811,101811,success,0.05233377045831397,0.013316110117626458,0.5695620051280577,False
812,101812,success,0.06143344203434824,0.01351408600759125,0.8012344692470024,False
813,101813,success,0.06131447299322377,0.014988896499312157,0.7748325966012319,False
814,101814,success,0.04707524070041857,0.009856358924417347,0.3833331528705257,False
815,101815,success,0.055074759994767804,0.013985316401799255,0.6416465500368362,False
816,101816,success,0.09392399698599907,0.018887337325014696,0.9899794922622503,False
817,101817,success,0.05678947097009043,0.012943605064924452,0.7000493663719384,False
818,101818,success,0.06968163670362809,0.013911223019605245,0.9214368324607872,False
819,101819,success,0.0204743331190051,0.0073432497447975635,2.900161856477998e-05,True
820,101820,success,0.041913015067933296,0.011470764074132746,0.24040250691969417,False
821,101821,success,0.04006246712930396,0.01104253792656533,0.1840782286289005,False
822,101822,success,0.055885784839798294,0.01236545776359009,0.6829578258001565,False
823,101823,success,0.05137913013280772,0.011771102701377835,0.5466343017672006,False
824,101824,success,0.07012060676180058,0.013541326999316943,0.9313428074149033,False
825,101825,success,0.03781496683646863,0.010131250991062516,0.11454282402111304,False
826,101826,success,0.049274358303132725,0.011414299542152458,0.47465510048875864,False
827,101827,success,0.0680187643632883,0.015007766867937443,0.8850524814872465,False
828,101828,success,0.0660800642023387,0.015494478908903068,0.8503168186203925,False
829,101829,success,0.04599008089087674,0.012682531025275667,0.3759342468103627,False
830,101830,success,0.04588486363646941,0.010496217459591048,0.3475073158136522,False
831,101831,success,0.0543319025580341,0.014447954745835451,0.6178458530090187,False
832,101832,success,0.02619633166206937,0.008092663366967437,0.0016337213559650097,True
833,101833,success,0.07094764430853018,0.014832284911760925,0.9210692594152391,False
834,101834,success,0.037804131244478484,0.010144245523582856,0.11463430393697249,False
835,101835,success,0.05385105270361613,0.013034439654912302,0.6161757346936342,False
836,101836,success,0.07022206581360822,0.013291584262895171,0.9359226095444968,False
837,101837,success,0.06115866214758237,0.013927389804964671,0.7884928423095598,False
838,101838,success,0.028158565771878738,0.008550810527971159,0.005319900120907013,True
839,101839,success,0.030409851546211068,0.008349082804854274,0.009478300795286203,True
840,101840,success,0.04346080957787838,0.010930604128653383,0.27483789420942356,False
841,101841,success,0.06265445317016463,0.014535505164993608,0.8080107401675969,False
842,101842,success,0.07558899068072412,0.016493415084642728,0.939605105727424,False
843,101843,success,0.04967652509210212,0.010258594959773892,0.4874226016017253,False
844,101844,success,0.057833439428891534,0.011910337591112164,0.7446348192870683,False
845,101845,success,0.05818054128650688,0.012989029054653605,0.73558855643653,False
846,101846,success,0.03705346948194693,0.01170704047038865,0.1343901814881202,False
847,101847,success,0.05209647791176007,0.013627139319275429,0.561134332844869,False
848,101848,success,0.03546894080323508,0.010794029855302437,0.0891169783516817,False
849,101849,success,0.07013155039824327,0.013531099980456592,0.9315979807077053,False
850,101850,success,0.06185437088628208,0.0132558102987568,0.814413241822662,False
851,101851,success,0.06409049039852324,0.015151641123952732,0.8238053021404792,False
852,101852,success,0.038739917913914214,0.009736832462738628,0.12375020362237676,False
853,101853,success,0.0536393125319147,0.014059760164499105,0.6021229638643242,False
854,101854,success,0.05019798860848123,0.01221209894228969,0.5064675669014665,False
855,101855,success,0.0623339990835643,0.0176481162923552,0.7576879660899509,False
856,101856,success,0.0311795304304099,0.009215218896195369,0.02055966462425492,True
857,101857,success,0.03045810618895484,0.00904171544137,0.01533594035268595,True
858,101858,success,0.034498369852236796,0.009451784811729308,0.050494850959018636,False
859,101859,success,0.05372934790167953,0.012797610907824126,0.614630999999339,False
860,101860,success,0.06008206492819223,0.01480325061598658,0.7520867219171841,False
861,101861,success,0.07668951505394445,0.01556162713443198,0.9568351884729694,False
862,101862,success,0.049359459951990266,0.012025790333821125,0.47876083625573823,False
863,101863,success,0.03919702185576974,0.012793788272951303,0.19922507171538012,False
864,101864,success,0.037112975765900336,0.010488502448260986,0.1095957063442613,False
865,101865,success,0.04671365398599219,0.011642974454029807,0.38887207573782756,False
866,101866,success,0.04290784864701479,0.010708298578043639,0.2538881359647734,False
867,101867,success,0.06662990618238854,0.013806114549295144,0.8858079810521027,False
868,101868,success,0.0716448252168728,0.014830186937474366,0.9277877817608231,False
869,101869,success,0.057577882055361095,0.013139821182157672,0.717932717749111,False
870,101870,success,0.042506236602254666,0.011970400159353497,0.26564944613255487,False
871,101871,success,0.03898075540071137,0.010918984754240241,0.15644364084512768,False
872,101872,success,0.05186163280151273,0.012247560440877115,0.5604066485578028,False
873,101873,success,0.06299280143934767,0.0156779088566155,0.7963722639935034,False
874,101874,success,0.040190753546471926,0.010933885673063342,0.18482161404304193,False
875,101875,success,0.03187521081226069,0.01000503948244816,0.03502664251149581,True
876,101876,success,0.054771199075934106,0.013741511497440096,0.6357834630610287,False
877,101877,success,0.06106316109968059,0.013394366324186228,0.7955855559576623,False
878,101878,success,0.038125044789561253,0.01010754301993314,0.1200252225606313,False
879,101879,success,0.04536855312486876,0.010446329424313979,0.32875398804855505,False
880,101880,success,0.04185030590654318,0.011456950386220952,0.23843929933676944,False
881,101881,success,0.09164641068670606,0.01640198265698376,0.9944432296310893,False
882,101882,success,0.05690475620590768,0.012630123896484123,0.7077039678452366,False
883,101883,success,0.03432170677202522,0.010001342135052613,0.05848504613373171,False
884,101884,success,0.0682159955020623,0.014643481834578238,0.8932439865572412,False
885,101885,success,0.026643153590232387,0.008355870753363906,0.002592884990220861,True
886,101886,success,0.04691838968745451,0.010461663554712893,0.3841641824647072,False
887,101887,success,0.04791350858028204,0.012841184784345776,0.43546223009167573,False
888,101888,success,0.07302286520534422,0.014387748538158928,0.9452197289638209,False
889,101889,success,0.03308707062986355,0.009113116941357285,0.031734722805118444,True
890,101890,success,0.043849448012212466,0.012524707643343453,0.3116872326661941,False
891,101891,success,0.02506327172423431,0.008561149921110867,0.001791146463476989,True
892,101892,success,0.052553911943699426,0.012468096338533106,0.5811497751228796,False
893,101893,success,0.0516982443488038,0.012368054973341166,0.5546066924500647,False
894,101894,success,0.056499922834905514,0.013465526517193743,0.6853486029308238,False
895,101895,success,0.03925102632820646,0.011250368521860482,0.16967937893601898,False
896,101896,success,0.040901619029573434,0.010737268293416211,0.1983959669324329,False
897,101897,success,0.031692599668885636,0.008993792905468256,0.02089730549971268,True
898,101898,success,0.05686318240309123,0.011443097873261867,0.7256689419459974,False
899,101899,success,0.02965771660945046,0.008841685871317567,0.01070360390212399,True
900,101900,success,0.03190336808326057,0.010272258351527225,0.03906004518325415,True
901,101901,success,0.04355984783897799,0.011049555274803951,0.2799996127921903,False
902,101902,success,0.0473021635960431,0.01131978641648984,0.405812861563573,False
903,101903,success,0.04552726765191642,0.01262221925323184,0.36153684725844454,False
904,101904,success,0.050242214345056775,0.012165231560981893,0.5079425663781408,False
905,101905,success,0.0634758132558045,0.01409502001033497,0.8304813404325614,False
906,101906,success,0.038502170282693884,0.010053468343574961,0.1263806810911438,False
907,101907,success,0.030197396482690556,0.009926551135920602,0.023026197832519125,True
908,101908,success,0.047472150343666246,0.012241254768952435,0.4181992078601564,False
909,101909,success,0.05447933636344252,0.010868210916164522,0.659885367786632,False
910,101910,success,0.056947704382439145,0.011742576846844217,0.7229634621196818,False
911,101911,success,0.04017937493150891,0.011374698832112142,0.19396579383883072,False
912,101912,success,0.03845669164521694,0.008536880755999466,0.08816057588973064,False
913,101913,success,0.0709420433387624,0.015037043868193916,0.9181442563001423,False
914,101914,success,0.02838832086712694,0.009357420552283889,0.01045580438773093,True
915,101915,success,0.04978497915746842,0.011488875720055644,0.4925340042120417,False
916,101916,success,0.057370656109504786,0.011975064460735832,0.7308878237830982,False
917,101917,success,0.053377002049960307,0.012957201482107406,0.6028100806130846,False
918,101918,success,0.03502999565035286,0.010161759248935172,0.0703525284443451,False
919,101919,success,0.05085940920544671,0.012113190812675399,0.5282805130030009,False
920,101920,success,0.043973772079836076,0.012655449508537583,0.3169743124839354,False
921,101921,success,0.04494218672682311,0.010173555044745134,0.30954058588461336,False
922,101922,success,0.05950755363479525,0.013028091470813815,0.7672356239620344,False
923,101923,success,0.06395859150830988,0.013124779272221401,0.8562290798969461,False
924,101924,success,0.0704230187526789,0.014227659361972917,0.9244197972932424,False
925,101925,success,0.054763334876171674,0.012262795301125463,0.6511540119014307,False
926,101926,success,0.07114739623054635,0.016021140542093592,0.9065771842483935,False
927,101927,success,0.06268050573652627,0.013418070968567218,0.8276787169098139,False
928,101928,success,0.049326767516894604,0.010556433987902087,0.47457484683897244,False
929,101929,success,0.03515557031713551,0.010609699816714627,0.08088586577449325,False
930,101930,success,0.04101367172110642,0.011037781986708099,0.20778163831466,False
931,101931,success,0.05154858153515233,0.011852827403420725,0.5519742278317306,False
932,101932,success,0.032151437902703195,0.008671354319761768,0.019778937975063714,True
933,101933,success,0.04198905495165925,0.010477286497432346,0.22225454937255013,False
934,101934,success,0.05996543332397927,0.014639329453543515,0.7519788808732468,False
935,101935,success,0.04496181483105205,0.01188498004056377,0.33581501118119605,False
936,101936,success,0.05630375915185987,0.01184751143406269,0.702662813617376,False
937,101937,success,0.053289511382760085,0.01244811628627503,0.6042093486143651,False
938,101938,success,0.04098308331192783,0.01039849452586793,0.19293354498810777,False
939,101939,success,0.06450744630516159,0.014149803285955111,0.8473833881329677,False
940,101940,success,0.04137978741569079,0.0115970036003508,0.22864586529268388,False
941,101941,success,0.038108399274775766,0.010850276619610829,0.13654548665723182,False
942,101942,success,0.045388162839939086,0.011261182080423723,0.34107390325023446,False
943,101943,success,0.029303616779004914,0.008641871709265126,0.008312542063427224,True
944,101944,success,0.012911085493036097,0.005479075521961492,6.475176891482182e-12,True
945,101945,success,0.056164433288588084,0.013989199114684351,0.6702691993169756,False
946,101946,success,0.05412292620565733,0.013331338718605144,0.6214403014060036,False
947,101947,success,0.06252191860047095,0.012855484551878356,0.834984797217671,False
948,101948,success,0.04308237480103479,0.012320630031201553,0.2872396651487281,False
949,101949,success,0.05269429376988473,0.011834706527262956,0.590044861601739,False
950,101950,success,0.04927245499344801,0.011280286637269953,0.4742872352156172,False
951,101951,success,0.031916642146975406,0.009200039064933203,0.024673918266150226,True
952,101952,success,0.05517262501007696,0.011840219556530914,0.6688968265658377,False
953,101953,success,0.03387005155737756,0.010834538117452093,0.06827624407519073,False
954,101954,success,0.05933782507715404,0.011816017180459007,0.785314483455855,False
955,101955,success,0.07638723871906451,0.017240397633608278,0.9370593043254617,False
956,101956,success,0.04629968951393277,0.012561845534372272,0.38416217500361766,False
957,101957,success,0.028630278192320197,0.008694110737526973,0.006986559030161796,True
958,101958,success,0.05865476946844969,0.013670387935281395,0.7366669481804902,False
959,101959,success,0.059744218074048686,0.015846941697316017,0.7306882354307728,False
960,101960,success,0.04879034656553693,0.01096274891160643,0.4560690098199944,False
961,101961,success,0.04769514053186397,0.012937926258942434,0.4293035619205364,False
962,101962,success,0.04300969369613905,0.012773213758057369,0.2920990560607593,False
963,101963,success,0.0780229445675154,0.015945318282098723,0.960578603340894,False
964,101964,success,0.06573450063396373,0.01364892486377104,0.8755040593560603,False
965,101965,success,0.046119459467423955,0.012074236552260002,0.37395737848906996,False
966,101966,success,0.024453735295461035,0.007866772203198548,0.0005823987017105659,True
967,101967,success,0.05820457707854073,0.014306451511274763,0.7168428110275259,False
968,101968,success,0.06972136575352259,0.01665770288809619,0.8817773741905717,False
969,101969,success,0.04198480310988119,0.01068697340203322,0.2266282867997328,False
970,101970,success,0.03768058839972805,0.010577910197360171,0.12208324803915421,False
971,101971,success,0.04154384718758573,0.012208435436258812,0.24426512605672407,False
972,101972,success,0.07763376179845942,0.015342220619177066,0.9641610016787084,False
973,101973,success,0.046037389998463775,0.011325080905599774,0.3632080599825988,False
974,101974,success,0.047182958048115356,0.012391597247933957,0.4100816864473385,False
975,101975,success,0.04697853854201145,0.011669379736435727,0.39784763503154186,False
976,101976,success,0.05200436448723119,0.01456663336258881,0.5547216065706793,False
977,101977,success,0.04417920526470417,0.012321558047445625,0.31831802519824465,False
978,101978,success,0.03295770068354114,0.010735141445581435,0.056196959087910024,False
979,101979,success,0.04375464041450031,0.011501813080707655,0.29356864010129374,False
980,101980,success,0.06899235950930754,0.013053975824680483,0.9271529056344784,False
981,101981,success,0.0653065337600628,0.01345639070964311,0.8723336195828668,False
982,101982,success,0.03474464081772948,0.009934069430260777,0.062310819539313424,False
983,101983,success,0.06940215487043837,0.01421924215888609,0.9137948612282768,False
984,101984,success,0.04412085721897749,0.011241982293679733,0.30049993907306477,False
985,101985,success,0.060035180716880444,0.014297599708546755,0.7586225937725586,False
986,101986,success,0.04150485637874515,0.011277705848734203,0.22564421052371592,False
987,101987,success,0.053164537850465494,0.01121814975252818,0.6110630908791086,False
988,101988,success,0.04520876334929186,0.011053676055246967,0.3323432592308663,False
989,101989,success,0.03502275105008174,0.010309974311292635,0.07315421691347183,False
990,101990,success,0.05454270845608196,0.012083243853459803,0.6465233637936807,False
991,101991,success,0.07531288305316608,0.016174898893237633,0.9412025022273729,False
992,101992,success,0.04032067639312293,0.010549939304188606,0.17944644579308078,False
993,101993,success,0.06021603782459948,0.01179952131675245,0.8067003605433093,False
994,101994,success,0.06395954879329298,0.012723427986486098,0.8637127701636542,False
995,101995,success,0.050488480421749374,0.01225545771633415,0.5158969098661141,False
996,101996,success,0.03932831873269912,0.010173548742946065,0.14709745954598108,False
997,101997,success,0.06726539064644059,0.01462384424678655,0.8811256924874661,False
998,101998,success,0.058945921954538204,0.012281383953444813,0.7668196515687968,False
999,101999,success,0.0648103297839693,0.01305309655262153,0.8717331226016554,False
