family,edge_strength,n,reference_delta,method,setting,replications,false_prunes,true_prunes,edges,nonedges,moral_only,familywise_errors,practical_false_prunes,practical_true_prunes,practical_present,practical_absent,practical_familywise_errors,false_prune_rate,true_prune_rate,moral_graph_prune_ceiling,practical_false_prune_rate,practical_true_prune_rate,familywise_error_rate,practical_familywise_error_rate,practical_familywise_upper_bound,familywise_upper_bound
additive_nonlinear,realistic,375,0.05,conservative_pc,0.05,100,565,8475,1762,8738,839,100,555,8485,1730,8770,100,0.3206583427922815,0.9699015793087663,0.9039826047150378,0.3208092485549133,0.9675028506271379,1.0,1.0,0.9994922745363412,0.9994922745363412
additive_nonlinear,realistic,375,0.05,ebicglasso,0.0,100,501,7702,1762,8738,839,100,491,7712,1730,8770,100,0.28433598183881953,0.8814373998626688,0.9039826047150378,0.2838150289017341,0.8793614595210947,1.0,1.0,0.9994922745363412,0.9994922745363412
additive_nonlinear,realistic,375,0.05,ebicglasso,0.25,100,542,8057,1762,8738,839,100,531,8068,1730,8770,100,0.3076049943246311,0.9220645456626231,0.9039826047150378,0.3069364161849711,0.9199543899657925,1.0,1.0,0.9994922745363412,0.9994922745363412
additive_nonlinear,realistic,375,0.05,ebicglasso,0.5,100,570,8255,1762,8738,839,100,558,8267,1730,8770,100,0.32349602724177073,0.9447241931792172,0.9039826047150378,0.3225433526011561,0.9426453819840365,1.0,1.0,0.9994922745363412,0.9994922745363412
additive_nonlinear,realistic,375,0.05,ebicglasso,1.0,100,622,8464,1762,8738,839,100,605,8481,1730,8770,100,0.3530079455164586,0.9686427100022889,0.9039826047150378,0.34971098265895956,0.9670467502850627,1.0,1.0,0.9994922745363412,0.9994922745363412
additive_nonlinear,realistic,375,0.05,fci,0.001,100,624,8672,1762,8738,839,100,606,8690,1730,8770,100,0.35414301929625425,0.9924467841611353,0.9039826047150378,0.35028901734104045,0.9908779931584949,1.0,1.0,0.9994922745363412,0.9994922745363412
additive_nonlinear,realistic,375,0.05,fci,0.005,100,604,8648,1762,8738,839,100,591,8661,1730,8770,100,0.3427922814982974,0.98970016021973,0.9039826047150378,0.3416184971098266,0.9875712656784492,1.0,1.0,0.9994922745363412,0.9994922745363412
additive_nonlinear,realistic,375,0.05,fci,0.01,100,598,8626,1762,8738,839,100,585,8639,1730,8770,100,0.33938706015891035,0.987182421606775,0.9039826047150378,0.33815028901734107,0.9850627137970354,1.0,1.0,0.9994922745363412,0.9994922745363412
additive_nonlinear,realistic,375,0.05,fci,0.05,100,567,8498,1762,8738,839,100,557,8508,1730,8770,100,0.32179341657207716,0.9725337605859464,0.9039826047150378,0.3219653179190751,0.9701254275940707,1.0,1.0,0.9994922745363412,0.9994922745363412
additive_nonlinear,realistic,375,0.05,fci,0.1,100,535,8343,1762,8738,839,100,527,8351,1730,8770,100,0.3036322360953462,0.9547951476310369,0.9039826047150378,0.3046242774566474,0.9522234891676169,1.0,1.0,0.9994922745363412,0.9994922745363412
additive_nonlinear,realistic,375,0.05,fci,0.2,100,500,8053,1762,8738,839,100,492,8061,1730,8770,100,0.28376844494892167,0.9216067750057221,0.9039826047150378,0.28439306358381505,0.9191562143671608,1.0,1.0,0.9994922745363412,0.9994922745363412
additive_nonlinear,realistic,375,0.05,ges,0.5,100,547,8415,1762,8738,839,100,537,8425,1730,8770,100,0.3104426787741203,0.9630350194552529,0.9039826047150378,0.31040462427745663,0.9606613454960091,1.0,1.0,0.9994922745363412,0.9994922745363412
additive_nonlinear,realistic,375,0.05,ges,1.0,100,586,8629,1762,8738,839,100,574,8641,1730,8770,100,0.3325766174801362,0.9875257495994507,0.9039826047150378,0.33179190751445087,0.985290763968073,1.0,1.0,0.9994922745363412,0.9994922745363412
additive_nonlinear,realistic,375,0.05,ges,2.0,100,623,8685,1762,8738,839,100,603,8705,1730,8770,100,0.3535754824063564,0.9939345387960632,0.9039826047150378,0.3485549132947977,0.992588369441277,1.0,1.0,0.9994922745363412,0.9994922745363412
additive_nonlinear,realistic,375,0.05,ges,4.0,100,755,8718,1762,8738,839,100,724,8749,1730,8770,100,0.4284903518728717,0.9977111467154955,0.9039826047150378,0.4184971098265896,0.9976054732041049,1.0,1.0,0.9994922745363412,0.9994922745363412
additive_nonlinear,realistic,375,0.05,pc,0.001,100,624,8668,1762,8738,839,100,606,8686,1730,8770,100,0.35414301929625425,0.9919890135042344,0.9039826047150378,0.35028901734104045,0.9904218928164196,1.0,1.0,0.9994922745363412,0.9994922745363412
additive_nonlinear,realistic,375,0.05,pc,0.005,100,603,8644,1762,8738,839,100,590,8657,1730,8770,100,0.3422247446083995,0.9892423895628291,0.9039826047150378,0.34104046242774566,0.987115165336374,1.0,1.0,0.9994922745363412,0.9994922745363412
additive_nonlinear,realistic,375,0.05,pc,0.01,100,596,8618,1762,8738,839,100,583,8631,1730,8770,100,0.33825198637911463,0.9862668802929733,0.9039826047150378,0.3369942196531792,0.9841505131128848,1.0,1.0,0.9994922745363412,0.9994922745363412
additive_nonlinear,realistic,375,0.05,pc,0.05,100,565,8475,1762,8738,839,100,555,8485,1730,8770,100,0.3206583427922815,0.9699015793087663,0.9039826047150378,0.3208092485549133,0.9675028506271379,1.0,1.0,0.9994922745363412,0.9994922745363412
additive_nonlinear,realistic,375,0.05,pc,0.1,100,528,8291,1762,8738,839,100,520,8299,1730,8770,100,0.2996594778660613,0.9488441290913252,0.9039826047150378,0.30057803468208094,0.9462941847206385,1.0,1.0,0.9994922745363412,0.9994922745363412
additive_nonlinear,realistic,375,0.05,pc,0.2,100,488,7920,1762,8738,839,100,480,7928,1730,8770,100,0.27695800227014755,0.9063859006637675,0.9039826047150378,0.2774566473988439,0.9039908779931585,1.0,1.0,0.9994922745363412,0.9994922745363412
additive_nonlinear,realistic,375,0.05,renca,0.05,100,0,43,1762,8738,839,0,0,43,1730,8770,0,0.0,0.004921034561684596,0.9039826047150378,0.0,0.004903078677309008,0.0,0.0,0.02922515353903906,0.02922515353903906
additive_nonlinear,realistic,375,0.1,conservative_pc,0.05,100,565,8475,1762,8738,839,100,489,8551,1527,8973,100,0.3206583427922815,0.9699015793087663,0.9039826047150378,0.32023575638506874,0.952970021174635,1.0,1.0,0.9994922745363412,0.9994922745363412
additive_nonlinear,realistic,375,0.1,ebicglasso,0.0,100,501,7702,1762,8738,839,100,432,7771,1527,8973,98,0.28433598183881953,0.8814373998626688,0.9039826047150378,0.2829076620825147,0.8660425721609272,1.0,0.98,0.9918560999260562,0.9994922745363412
additive_nonlinear,realistic,375,0.1,ebicglasso,0.25,100,542,8057,1762,8738,839,100,467,8132,1527,8973,99,0.3076049943246311,0.9220645456626231,0.9039826047150378,0.3058284217419777,0.9062743786916304,1.0,0.99,0.9964702598558379,0.9994922745363412
additive_nonlinear,realistic,375,0.1,ebicglasso,0.5,100,570,8255,1762,8738,839,100,491,8334,1527,8973,100,0.32349602724177073,0.9447241931792172,0.9039826047150378,0.32154551407989523,0.9287863590772317,1.0,1.0,0.9994922745363412,0.9994922745363412
additive_nonlinear,realistic,375,0.1,ebicglasso,1.0,100,622,8464,1762,8738,839,100,525,8561,1527,8973,100,0.3530079455164586,0.9686427100022889,0.9039826047150378,0.343811394891945,0.9540844756491698,1.0,1.0,0.9994922745363412,0.9994922745363412
additive_nonlinear,realistic,375,0.1,fci,0.001,100,624,8672,1762,8738,839,100,530,8766,1527,8973,100,0.35414301929625425,0.9924467841611353,0.9039826047150378,0.3470857891290111,0.9769307923771314,1.0,1.0,0.9994922745363412,0.9994922745363412
additive_nonlinear,realistic,375,0.1,fci,0.005,100,604,8648,1762,8738,839,100,520,8732,1527,8973,100,0.3427922814982974,0.98970016021973,0.9039826047150378,0.34053700065487885,0.9731416471637133,1.0,1.0,0.9994922745363412,0.9994922745363412
additive_nonlinear,realistic,375,0.1,fci,0.01,100,598,8626,1762,8738,839,100,516,8708,1527,8973,100,0.33938706015891035,0.987182421606775,0.9039826047150378,0.3379174852652259,0.97046695642483,1.0,1.0,0.9994922745363412,0.9994922745363412
additive_nonlinear,realistic,375,0.1,fci,0.05,100,567,8498,1762,8738,839,100,490,8575,1527,8973,100,0.32179341657207716,0.9725337605859464,0.9039826047150378,0.320890635232482,0.9556447119135183,1.0,1.0,0.9994922745363412,0.9994922745363412
additive_nonlinear,realistic,375,0.1,fci,0.1,100,535,8343,1762,8738,839,100,465,8413,1527,8973,100,0.3036322360953462,0.9547951476310369,0.9039826047150378,0.3045186640471513,0.9375905494260559,1.0,1.0,0.9994922745363412,0.9994922745363412
additive_nonlinear,realistic,375,0.1,fci,0.2,100,500,8053,1762,8738,839,100,434,8119,1527,8973,100,0.28376844494892167,0.9216067750057221,0.9039826047150378,0.2842174197773412,0.9048255878747353,1.0,1.0,0.9994922745363412,0.9994922745363412
additive_nonlinear,realistic,375,0.1,ges,0.5,100,547,8415,1762,8738,839,100,477,8485,1527,8973,100,0.3104426787741203,0.9630350194552529,0.9039826047150378,0.31237721021611004,0.9456146216427059,1.0,1.0,0.9994922745363412,0.9994922745363412
additive_nonlinear,realistic,375,0.1,ges,1.0,100,586,8629,1762,8738,839,100,510,8705,1527,8973,100,0.3325766174801362,0.9875257495994507,0.9039826047150378,0.33398821218074654,0.9701326200824696,1.0,1.0,0.9994922745363412,0.9994922745363412
additive_nonlinear,realistic,375,0.1,ges,2.0,100,623,8685,1762,8738,839,100,530,8778,1527,8973,100,0.3535754824063564,0.9939345387960632,0.9039826047150378,0.3470857891290111,0.9782681377465731,1.0,1.0,0.9994922745363412,0.9994922745363412
additive_nonlinear,realistic,375,0.1,ges,4.0,100,755,8718,1762,8738,839,100,581,8892,1527,8973,100,0.4284903518728717,0.9977111467154955,0.9039826047150378,0.3804846103470858,0.9909729187562688,1.0,1.0,0.9994922745363412,0.9994922745363412
additive_nonlinear,realistic,375,0.1,pc,0.001,100,624,8668,1762,8738,839,100,530,8762,1527,8973,100,0.35414301929625425,0.9919890135042344,0.9039826047150378,0.3470857891290111,0.9764850105873175,1.0,1.0,0.9994922745363412,0.9994922745363412
additive_nonlinear,realistic,375,0.1,pc,0.005,100,603,8644,1762,8738,839,100,520,8727,1527,8973,100,0.3422247446083995,0.9892423895628291,0.9039826047150378,0.34053700065487885,0.972584419926446,1.0,1.0,0.9994922745363412,0.9994922745363412
additive_nonlinear,realistic,375,0.1,pc,0.01,100,596,8618,1762,8738,839,100,515,8699,1527,8973,100,0.33825198637911463,0.9862668802929733,0.9039826047150378,0.3372626064178127,0.9694639473977488,1.0,1.0,0.9994922745363412,0.9994922745363412
additive_nonlinear,realistic,375,0.1,pc,0.05,100,565,8475,1762,8738,839,100,489,8551,1527,8973,100,0.3206583427922815,0.9699015793087663,0.9039826047150378,0.32023575638506874,0.952970021174635,1.0,1.0,0.9994922745363412,0.9994922745363412
additive_nonlinear,realistic,375,0.1,pc,0.1,100,528,8291,1762,8738,839,100,459,8360,1527,8973,100,0.2996594778660613,0.9488441290913252,0.9039826047150378,0.3005893909626719,0.931683940711022,1.0,1.0,0.9994922745363412,0.9994922745363412
additive_nonlinear,realistic,375,0.1,pc,0.2,100,488,7920,1762,8738,839,100,424,7984,1527,8973,99,0.27695800227014755,0.9063859006637675,0.9039826047150378,0.2776686313032089,0.8897804524685167,1.0,0.99,0.9964702598558379,0.9994922745363412
additive_nonlinear,realistic,375,0.1,renca,0.1,100,1,813,1762,8738,839,1,0,814,1527,8973,0,0.0005675368898978433,0.09304188601510643,0.9039826047150378,0.0,0.09071659422712582,0.01,0.0,0.02922515353903906,0.0461073499248891
additive_nonlinear,realistic,375,0.2,conservative_pc,0.05,100,565,8475,1762,8738,839,100,310,8730,932,9568,97,0.3206583427922815,0.9699015793087663,0.9039826047150378,0.33261802575107297,0.9124163879598662,1.0,0.97,0.986360919608504,0.9994922745363412
additive_nonlinear,realistic,375,0.2,ebicglasso,0.0,100,501,7702,1762,8738,839,100,271,7932,932,9568,94,0.28433598183881953,0.8814373998626688,0.9039826047150378,0.2907725321888412,0.8290133779264214,1.0,0.94,0.967022531671149,0.9994922745363412
additive_nonlinear,realistic,375,0.2,ebicglasso,0.25,100,542,8057,1762,8738,839,100,293,8306,932,9568,96,0.3076049943246311,0.9220645456626231,0.9039826047150378,0.3143776824034335,0.8681020066889632,1.0,0.96,0.9802935625347253,0.9994922745363412
additive_nonlinear,realistic,375,0.2,ebicglasso,0.5,100,570,8255,1762,8738,839,100,310,8515,932,9568,97,0.32349602724177073,0.9447241931792172,0.9039826047150378,0.33261802575107297,0.8899456521739131,1.0,0.97,0.986360919608504,0.9994922745363412
additive_nonlinear,realistic,375,0.2,ebicglasso,1.0,100,622,8464,1762,8738,839,100,329,8757,932,9568,98,0.3530079455164586,0.9686427100022889,0.9039826047150378,0.3530042918454936,0.9152382943143813,1.0,0.98,0.9918560999260562,0.9994922745363412
additive_nonlinear,realistic,375,0.2,fci,0.001,100,624,8672,1762,8738,839,100,337,8959,932,9568,98,0.35414301929625425,0.9924467841611353,0.9039826047150378,0.361587982832618,0.9363503344481605,1.0,0.98,0.9918560999260562,0.9994922745363412
additive_nonlinear,realistic,375,0.2,fci,0.005,100,604,8648,1762,8738,839,100,331,8921,932,9568,98,0.3427922814982974,0.98970016021973,0.9039826047150378,0.3551502145922747,0.9323787625418061,1.0,0.98,0.9918560999260562,0.9994922745363412
additive_nonlinear,realistic,375,0.2,fci,0.01,100,598,8626,1762,8738,839,100,329,8895,932,9568,98,0.33938706015891035,0.987182421606775,0.9039826047150378,0.3530042918454936,0.9296613712374582,1.0,0.98,0.9918560999260562,0.9994922745363412
additive_nonlinear,realistic,375,0.2,fci,0.05,100,567,8498,1762,8738,839,100,311,8754,932,9568,97,0.32179341657207716,0.9725337605859464,0.9039826047150378,0.33369098712446355,0.9149247491638796,1.0,0.97,0.986360919608504,0.9994922745363412
additive_nonlinear,realistic,375,0.2,fci,0.1,100,535,8343,1762,8738,839,100,293,8585,932,9568,95,0.3036322360953462,0.9547951476310369,0.9039826047150378,0.3143776824034335,0.8972617056856187,1.0,0.95,0.9738153751817129,0.9994922745363412
additive_nonlinear,realistic,375,0.2,fci,0.2,100,500,8053,1762,8738,839,100,275,8278,932,9568,94,0.28376844494892167,0.9216067750057221,0.9039826047150378,0.29506437768240346,0.865175585284281,1.0,0.94,0.967022531671149,0.9994922745363412
additive_nonlinear,realistic,375,0.2,ges,0.5,100,547,8415,1762,8738,839,100,300,8662,932,9568,96,0.3104426787741203,0.9630350194552529,0.9039826047150378,0.3218884120171674,0.905309364548495,1.0,0.96,0.9802935625347253,0.9994922745363412
additive_nonlinear,realistic,375,0.2,ges,1.0,100,586,8629,1762,8738,839,100,325,8890,932,9568,98,0.3325766174801362,0.9875257495994507,0.9039826047150378,0.3487124463519313,0.9291387959866221,1.0,0.98,0.9918560999260562,0.9994922745363412
additive_nonlinear,realistic,375,0.2,ges,2.0,100,623,8685,1762,8738,839,100,339,8969,932,9568,98,0.3535754824063564,0.9939345387960632,0.9039826047150378,0.36373390557939916,0.9373954849498328,1.0,0.98,0.9918560999260562,0.9994922745363412
additive_nonlinear,realistic,375,0.2,ges,4.0,100,755,8718,1762,8738,839,100,346,9127,932,9568,99,0.4284903518728717,0.9977111467154955,0.9039826047150378,0.37124463519313305,0.9539088628762542,1.0,0.99,0.9964702598558379,0.9994922745363412
additive_nonlinear,realistic,375,0.2,pc,0.001,100,624,8668,1762,8738,839,100,337,8955,932,9568,98,0.35414301929625425,0.9919890135042344,0.9039826047150378,0.361587982832618,0.9359322742474916,1.0,0.98,0.9918560999260562,0.9994922745363412
additive_nonlinear,realistic,375,0.2,pc,0.005,100,603,8644,1762,8738,839,100,331,8916,932,9568,98,0.3422247446083995,0.9892423895628291,0.9039826047150378,0.3551502145922747,0.9318561872909699,1.0,0.98,0.9918560999260562,0.9994922745363412
additive_nonlinear,realistic,375,0.2,pc,0.01,100,596,8618,1762,8738,839,100,329,8885,932,9568,98,0.33825198637911463,0.9862668802929733,0.9039826047150378,0.3530042918454936,0.928616220735786,1.0,0.98,0.9918560999260562,0.9994922745363412
additive_nonlinear,realistic,375,0.2,pc,0.05,100,565,8475,1762,8738,839,100,310,8730,932,9568,97,0.3206583427922815,0.9699015793087663,0.9039826047150378,0.33261802575107297,0.9124163879598662,1.0,0.97,0.986360919608504,0.9994922745363412
additive_nonlinear,realistic,375,0.2,pc,0.1,100,528,8291,1762,8738,839,100,289,8530,932,9568,95,0.2996594778660613,0.9488441290913252,0.9039826047150378,0.31008583690987124,0.8915133779264214,1.0,0.95,0.9738153751817129,0.9994922745363412
additive_nonlinear,realistic,375,0.2,pc,0.2,100,488,7920,1762,8738,839,100,268,8140,932,9568,94,0.27695800227014755,0.9063859006637675,0.9039826047150378,0.2875536480686695,0.850752508361204,1.0,0.94,0.967022531671149,0.9994922745363412
additive_nonlinear,realistic,375,0.2,renca,0.2,100,133,7217,1762,8738,839,71,14,7336,932,9568,13,0.07548240635641316,0.8259327077134355,0.9039826047150378,0.015021459227467811,0.7667224080267558,0.71,0.13,0.1968308450855157,0.7774032632918011
additive_nonlinear,strong,375,0.05,conservative_pc,0.05,100,522,8387,1733,8767,572,100,521,8388,1727,8773,100,0.30121177149451817,0.9566556404699441,0.9347553324968633,0.301679212507238,0.9561153539268209,1.0,1.0,0.9994922745363412,0.9994922745363412
additive_nonlinear,strong,375,0.05,ebicglasso,0.0,100,393,6789,1733,8767,572,98,392,6790,1727,8773,98,0.2267743796884016,0.7743812022356564,0.9347553324968633,0.22698320787492762,0.7739655761997036,0.98,0.98,0.9918560999260562,0.9918560999260562
additive_nonlinear,strong,375,0.05,ebicglasso,0.25,100,415,6913,1733,8767,572,98,414,6914,1727,8773,98,0.23946912867859205,0.7885251511349378,0.9347553324968633,0.23972206137811233,0.7880998518180782,0.98,0.98,0.9918560999260562,0.9918560999260562
additive_nonlinear,strong,375,0.05,ebicglasso,0.5,100,427,7024,1733,8767,572,99,426,7025,1727,8773,99,0.2463935372186959,0.8011862666818752,0.9347553324968633,0.246670526925304,0.8007523082183974,0.99,0.99,0.9964702598558379,0.9964702598558379
additive_nonlinear,strong,375,0.05,ebicglasso,1.0,100,446,7131,1733,8767,572,100,445,7132,1727,8773,100,0.2573571840738604,0.8133911258127068,0.9347553324968633,0.2576722640416908,0.8129488202439302,1.0,1.0,0.9994922745363412,0.9994922745363412
additive_nonlinear,strong,375,0.05,fci,0.001,100,572,8603,1733,8767,572,100,571,8604,1727,8773,100,0.33006347374495093,0.9812934869396601,0.9347553324968633,0.33063115228720324,0.9807363501652798,1.0,1.0,0.9994922745363412,0.9994922745363412
additive_nonlinear,strong,375,0.05,fci,0.005,100,554,8570,1733,8767,572,100,553,8571,1727,8773,100,0.31967686093479514,0.9775293715067868,0.9347553324968633,0.32020845396641573,0.976974809073293,1.0,1.0,0.9994922745363412,0.9994922745363412
additive_nonlinear,strong,375,0.05,fci,0.01,100,550,8548,1733,8767,572,100,549,8549,1727,8773,100,0.3173687247547605,0.9750199612182047,0.9347553324968633,0.31789229878401853,0.9744671150119686,1.0,1.0,0.9994922745363412,0.9994922745363412
additive_nonlinear,strong,375,0.05,fci,0.05,100,532,8481,1733,8767,572,100,531,8482,1727,8773,100,0.30698211194460473,0.9673776662484316,0.9347553324968633,0.307469600463231,0.9668300467342984,1.0,1.0,0.9994922745363412,0.9994922745363412
additive_nonlinear,strong,375,0.05,fci,0.1,100,506,8410,1733,8767,572,100,505,8411,1727,8773,100,0.2919792267743797,0.9592791148625528,0.9347553324968633,0.2924145917776491,0.958737034081842,1.0,1.0,0.9994922745363412,0.9994922745363412
additive_nonlinear,strong,375,0.05,fci,0.2,100,477,8209,1733,8767,572,100,476,8210,1727,8773,100,0.27524523946912866,0.9363522299532338,0.9347553324968633,0.27562246670526924,0.9358258292488316,1.0,1.0,0.9994922745363412,0.9994922745363412
additive_nonlinear,strong,375,0.05,ges,0.5,100,471,8279,1733,8767,572,100,470,8280,1727,8773,100,0.27178303519907676,0.9443367172350862,0.9347553324968633,0.2721482339316734,0.9438048558075914,1.0,1.0,0.9994922745363412,0.9994922745363412
additive_nonlinear,strong,375,0.05,ges,1.0,100,522,8487,1733,8767,572,100,521,8488,1727,8773,100,0.30121177149451817,0.9680620508725903,0.9347553324968633,0.301679212507238,0.9675139632964779,1.0,1.0,0.9994922745363412,0.9994922745363412
additive_nonlinear,strong,375,0.05,ges,2.0,100,551,8569,1733,8767,572,100,550,8570,1727,8773,100,0.31794575879976916,0.9774153074027604,0.9347553324968633,0.3184713375796178,0.9768608229795965,1.0,1.0,0.9994922745363412,0.9994922745363412
additive_nonlinear,strong,375,0.05,ges,4.0,100,577,8627,1733,8767,572,100,573,8631,1727,8773,100,0.33294864396999424,0.9840310254362952,0.9347553324968633,0.33178922987840187,0.9838139746950872,1.0,1.0,0.9994922745363412,0.9994922745363412
additive_nonlinear,strong,375,0.05,pc,0.001,100,570,8581,1733,8767,572,100,569,8582,1727,8773,100,0.32890940565493365,0.9787840766510779,0.9347553324968633,0.3294730746960046,0.9782286561039553,1.0,1.0,0.9994922745363412,0.9994922745363412
additive_nonlinear,strong,375,0.05,pc,0.005,100,551,8539,1733,8767,572,100,550,8540,1727,8773,100,0.31794575879976916,0.9739933842819665,0.9347553324968633,0.3184713375796178,0.9734412401686994,1.0,1.0,0.9994922745363412,0.9994922745363412
additive_nonlinear,strong,375,0.05,pc,0.01,100,546,8510,1733,8767,572,100,545,8511,1727,8773,100,0.3150605885747259,0.970685525265199,0.9347553324968633,0.3155761436016213,0.9701356434514989,1.0,1.0,0.9994922745363412,0.9994922745363412
additive_nonlinear,strong,375,0.05,pc,0.05,100,522,8387,1733,8767,572,100,521,8388,1727,8773,100,0.30121177149451817,0.9566556404699441,0.9347553324968633,0.301679212507238,0.9561153539268209,1.0,1.0,0.9994922745363412,0.9994922745363412
additive_nonlinear,strong,375,0.05,pc,0.1,100,493,8272,1733,8767,572,100,492,8273,1727,8773,100,0.28447778418926717,0.9435382685069009,0.9347553324968633,0.28488708743485813,0.9430069531517155,1.0,1.0,0.9994922745363412,0.9994922745363412
additive_nonlinear,strong,375,0.05,pc,0.2,100,452,7919,1733,8767,572,100,451,7920,1727,8773,100,0.2608193883439123,0.9032736397855595,0.9347553324968633,0.2611464968152866,0.9027698620768266,1.0,1.0,0.9994922745363412,0.9994922745363412
additive_nonlinear,strong,375,0.05,renca,0.05,100,0,158,1733,8767,572,0,0,158,1727,8773,0,0.0,0.018022128436181135,0.9347553324968633,0.0,0.018009802804057905,0.0,0.0,0.02922515353903906,0.02922515353903906
additive_nonlinear,strong,375,0.1,conservative_pc,0.05,100,522,8387,1733,8767,572,100,517,8392,1703,8797,100,0.30121177149451817,0.9566556404699441,0.9347553324968633,0.30358191426893716,0.9539615778106173,1.0,1.0,0.9994922745363412,0.9994922745363412
additive_nonlinear,strong,375,0.1,ebicglasso,0.0,100,393,6789,1733,8767,572,98,389,6793,1703,8797,97,0.2267743796884016,0.7743812022356564,0.9347553324968633,0.22842043452730476,0.7721950664999432,0.98,0.97,0.986360919608504,0.9918560999260562
additive_nonlinear,strong,375,0.1,ebicglasso,0.25,100,415,6913,1733,8767,572,98,411,6917,1703,8797,97,0.23946912867859205,0.7885251511349378,0.9347553324968633,0.24133881385789782,0.7862907809480505,0.98,0.97,0.986360919608504,0.9918560999260562
additive_nonlinear,strong,375,0.1,ebicglasso,0.5,100,427,7024,1733,8767,572,99,423,7028,1703,8797,98,0.2463935372186959,0.8011862666818752,0.9347553324968633,0.24838520258367586,0.7989087188814369,0.99,0.98,0.9918560999260562,0.9964702598558379
additive_nonlinear,strong,375,0.1,ebicglasso,1.0,100,446,7131,1733,8767,572,100,442,7135,1703,8797,99,0.2573571840738604,0.8133911258127068,0.9347553324968633,0.2595419847328244,0.8110719563487553,1.0,0.99,0.9964702598558379,0.9994922745363412
additive_nonlinear,strong,375,0.1,fci,0.001,100,572,8603,1733,8767,572,100,566,8609,1703,8797,100,0.33006347374495093,0.9812934869396601,0.9347553324968633,0.33235466823253085,0.978629078094805,1.0,1.0,0.9994922745363412,0.9994922745363412
additive_nonlinear,strong,375,0.1,fci,0.005,100,554,8570,1733,8767,572,100,548,8576,1703,8797,100,0.31967686093479514,0.9775293715067868,0.9347553324968633,0.3217850851438638,0.9748777992497443,1.0,1.0,0.9994922745363412,0.9994922745363412
additive_nonlinear,strong,375,0.1,fci,0.01,100,550,8548,1733,8767,572,100,544,8554,1703,8797,100,0.3173687247547605,0.9750199612182047,0.9347553324968633,0.31943628890193776,0.9723769466863703,1.0,1.0,0.9994922745363412,0.9994922745363412
additive_nonlinear,strong,375,0.1,fci,0.05,100,532,8481,1733,8767,572,100,527,8486,1703,8797,100,0.30698211194460473,0.9673776662484316,0.9347553324968633,0.3094539048737522,0.9646470387632148,1.0,1.0,0.9994922745363412,0.9994922745363412
additive_nonlinear,strong,375,0.1,fci,0.1,100,506,8410,1733,8767,572,100,501,8415,1703,8797,100,0.2919792267743797,0.9592791148625528,0.9347553324968633,0.29418672930123313,0.9565761054905081,1.0,1.0,0.9994922745363412,0.9994922745363412
additive_nonlinear,strong,375,0.1,fci,0.2,100,477,8209,1733,8767,572,100,472,8214,1703,8797,100,0.27524523946912866,0.9363522299532338,0.9347553324968633,0.27715795654726955,0.9337274070705922,1.0,1.0,0.9994922745363412,0.9994922745363412
additive_nonlinear,strong,375,0.1,ges,0.5,100,471,8279,1733,8767,572,100,466,8284,1703,8797,100,0.27178303519907676,0.9443367172350862,0.9347553324968633,0.2736347621843805,0.9416846652267818,1.0,1.0,0.9994922745363412,0.9994922745363412
additive_nonlinear,strong,375,0.1,ges,1.0,100,522,8487,1733,8767,572,100,517,8492,1703,8797,100,0.30121177149451817,0.9680620508725903,0.9347553324968633,0.30358191426893716,0.9653290894623167,1.0,1.0,0.9994922745363412,0.9994922745363412
additive_nonlinear,strong,375,0.1,ges,2.0,100,551,8569,1733,8767,572,100,545,8575,1703,8797,100,0.31794575879976916,0.9774153074027604,0.9347553324968633,0.32002348796241925,0.9747641241332272,1.0,1.0,0.9994922745363412,0.9994922745363412
additive_nonlinear,strong,375,0.1,ges,4.0,100,577,8627,1733,8767,572,100,564,8640,1703,8797,100,0.33294864396999424,0.9840310254362952,0.9347553324968633,0.3311802701115678,0.9821530067068319,1.0,1.0,0.9994922745363412,0.9994922745363412
additive_nonlinear,strong,375,0.1,pc,0.001,100,570,8581,1733,8767,572,100,564,8587,1703,8797,100,0.32890940565493365,0.9787840766510779,0.9347553324968633,0.3311802701115678,0.9761282255314312,1.0,1.0,0.9994922745363412,0.9994922745363412
additive_nonlinear,strong,375,0.1,pc,0.005,100,551,8539,1733,8767,572,100,545,8545,1703,8797,100,0.31794575879976916,0.9739933842819665,0.9347553324968633,0.32002348796241925,0.9713538706377174,1.0,1.0,0.9994922745363412,0.9994922745363412
additive_nonlinear,strong,375,0.1,pc,0.01,100,546,8510,1733,8767,572,100,540,8516,1703,8797,100,0.3150605885747259,0.970685525265199,0.9347553324968633,0.31708749266001174,0.9680572922587246,1.0,1.0,0.9994922745363412,0.9994922745363412
additive_nonlinear,strong,375,0.1,pc,0.05,100,522,8387,1733,8767,572,100,517,8392,1703,8797,100,0.30121177149451817,0.9566556404699441,0.9347553324968633,0.30358191426893716,0.9539615778106173,1.0,1.0,0.9994922745363412,0.9994922745363412
additive_nonlinear,strong,375,0.1,pc,0.1,100,493,8272,1733,8767,572,100,488,8277,1703,8797,100,0.28447778418926717,0.9435382685069009,0.9347553324968633,0.2865531415149736,0.9408889394111629,1.0,1.0,0.9994922745363412,0.9994922745363412
additive_nonlinear,strong,375,0.1,pc,0.2,100,452,7919,1733,8767,572,100,447,7924,1703,8797,100,0.2608193883439123,0.9032736397855595,0.9347553324968633,0.26247798003523193,0.9007616232806639,1.0,1.0,0.9994922745363412,0.9994922745363412
additive_nonlinear,strong,375,0.1,renca,0.1,100,3,948,1733,8767,572,3,3,948,1703,8797,3,0.0017311021350259665,0.1081327706170868,0.9347553324968633,0.0017615971814445098,0.10776401045811072,0.03,0.03,0.07497891525910351,0.07497891525910351
additive_nonlinear,strong,375,0.2,conservative_pc,0.05,100,522,8387,1733,8767,572,100,476,8433,1538,8962,100,0.30121177149451817,0.9566556404699441,0.9347553324968633,0.3094928478543563,0.9409729970988618,1.0,1.0,0.9994922745363412,0.9994922745363412
additive_nonlinear,strong,375,0.2,ebicglasso,0.0,100,393,6789,1733,8767,572,98,361,6821,1538,8962,97,0.2267743796884016,0.7743812022356564,0.9347553324968633,0.23472041612483746,0.7611024324927471,0.98,0.97,0.986360919608504,0.9918560999260562
additive_nonlinear,strong,375,0.2,ebicglasso,0.25,100,415,6913,1733,8767,572,98,383,6945,1538,8962,97,0.23946912867859205,0.7885251511349378,0.9347553324968633,0.24902470741222366,0.7749386297701406,0.98,0.97,0.986360919608504,0.9918560999260562
additive_nonlinear,strong,375,0.2,ebicglasso,0.5,100,427,7024,1733,8767,572,99,395,7056,1538,8962,98,0.2463935372186959,0.8011862666818752,0.9347553324968633,0.25682704811443435,0.7873242579781299,0.99,0.98,0.9918560999260562,0.9964702598558379
additive_nonlinear,strong,375,0.2,ebicglasso,1.0,100,446,7131,1733,8767,572,100,412,7165,1538,8962,99,0.2573571840738604,0.8133911258127068,0.9347553324968633,0.26788036410923277,0.7994867217139031,1.0,0.99,0.9964702598558379,0.9994922745363412
additive_nonlinear,strong,375,0.2,fci,0.001,100,572,8603,1733,8767,572,100,516,8659,1538,8962,100,0.33006347374495093,0.9812934869396601,0.9347553324968633,0.33550065019505854,0.9661905824592725,1.0,1.0,0.9994922745363412,0.9994922745363412
additive_nonlinear,strong,375,0.2,fci,0.005,100,554,8570,1733,8767,572,100,501,8623,1538,8962,100,0.31967686093479514,0.9775293715067868,0.9347553324968633,0.3257477243172952,0.962173621959384,1.0,1.0,0.9994922745363412,0.9994922745363412
additive_nonlinear,strong,375,0.2,fci,0.01,100,550,8548,1733,8767,572,100,500,8598,1538,8962,100,0.3173687247547605,0.9750199612182047,0.9347553324968633,0.3250975292587776,0.9593840660566838,1.0,1.0,0.9994922745363412,0.9994922745363412
additive_nonlinear,strong,375,0.2,fci,0.05,100,532,8481,1733,8767,572,100,483,8530,1538,8962,100,0.30698211194460473,0.9673776662484316,0.9347553324968633,0.3140442132639792,0.9517964740013389,1.0,1.0,0.9994922745363412,0.9994922745363412
additive_nonlinear,strong,375,0.2,fci,0.1,100,506,8410,1733,8767,572,100,461,8455,1538,8962,100,0.2919792267743797,0.9592791148625528,0.9347553324968633,0.299739921976593,0.9434278062932381,1.0,1.0,0.9994922745363412,0.9994922745363412
additive_nonlinear,strong,375,0.2,fci,0.2,100,477,8209,1733,8767,572,100,432,8254,1538,8962,100,0.27524523946912866,0.9363522299532338,0.9347553324968633,0.2808842652795839,0.9209997768355278,1.0,1.0,0.9994922745363412,0.9994922745363412
additive_nonlinear,strong,375,0.2,ges,0.5,100,471,8279,1733,8767,572,100,429,8321,1538,8962,100,0.27178303519907676,0.9443367172350862,0.9347553324968633,0.2789336801040312,0.9284757866547646,1.0,1.0,0.9994922745363412,0.9994922745363412
additive_nonlinear,strong,375,0.2,ges,1.0,100,522,8487,1733,8767,572,100,476,8533,1538,8962,100,0.30121177149451817,0.9680620508725903,0.9347553324968633,0.3094928478543563,0.952131220709663,1.0,1.0,0.9994922745363412,0.9994922745363412
additive_nonlinear,strong,375,0.2,ges,2.0,100,551,8569,1733,8767,572,100,502,8618,1538,8962,100,0.31794575879976916,0.9774153074027604,0.9347553324968633,0.32639791937581275,0.961615710778844,1.0,1.0,0.9994922745363412,0.9994922745363412
additive_nonlinear,strong,375,0.2,ges,4.0,100,577,8627,1733,8767,572,100,516,8688,1538,8962,100,0.33294864396999424,0.9840310254362952,0.9347553324968633,0.33550065019505854,0.9694264673064048,1.0,1.0,0.9994922745363412,0.9994922745363412
additive_nonlinear,strong,375,0.2,pc,0.001,100,570,8581,1733,8767,572,100,515,8636,1538,8962,100,0.32890940565493365,0.9787840766510779,0.9347553324968633,0.33485045513654094,0.9636241910287883,1.0,1.0,0.9994922745363412,0.9994922745363412
additive_nonlinear,strong,375,0.2,pc,0.005,100,551,8539,1733,8767,572,100,499,8591,1538,8962,100,0.31794575879976916,0.9739933842819665,0.9347553324968633,0.32444733420026006,0.9586029904039277,1.0,1.0,0.9994922745363412,0.9994922745363412
additive_nonlinear,strong,375,0.2,pc,0.01,100,546,8510,1733,8767,572,100,497,8559,1538,8962,100,0.3150605885747259,0.970685525265199,0.9347553324968633,0.323146944083225,0.9550323588484714,1.0,1.0,0.9994922745363412,0.9994922745363412
additive_nonlinear,strong,375,0.2,pc,0.05,100,522,8387,1733,8767,572,100,476,8433,1538,8962,100,0.30121177149451817,0.9566556404699441,0.9347553324968633,0.3094928478543563,0.9409729970988618,1.0,1.0,0.9994922745363412,0.9994922745363412
additive_nonlinear,strong,375,0.2,pc,0.1,100,493,8272,1733,8767,572,100,450,8315,1538,8962,100,0.28447778418926717,0.9435382685069009,0.9347553324968633,0.2925877763328999,0.9278062932381165,1.0,1.0,0.9994922745363412,0.9994922745363412
additive_nonlinear,strong,375,0.2,pc,0.2,100,452,7919,1733,8767,572,100,410,7961,1538,8962,99,0.2608193883439123,0.9032736397855595,0.9347553324968633,0.2665799739921977,0.8883061816558804,1.0,0.99,0.9964702598558379,0.9994922745363412
additive_nonlinear,strong,375,0.2,renca,0.2,100,109,5854,1733,8767,572,60,75,5888,1538,8962,52,0.06289671090594345,0.6677312649709136,0.9347553324968633,0.04876462938881664,0.6569962062039724,0.6,0.52,0.6004159698768228,0.6764425674353025
linear_gaussian,realistic,375,0.05,conservative_pc,0.05,100,57,8490,1762,8738,839,47,52,8495,1735,8765,43,0.03234960272417707,0.9716182192721446,0.9039826047150378,0.029971181556195964,0.9691956645750143,0.47,0.43,0.5124577022256671,0.5518668979767878
linear_gaussian,realistic,375,0.05,ebicglasso,0.0,100,6,6970,1762,8738,839,6,3,6973,1735,8765,3,0.00340522133938706,0.7976653696498055,0.9039826047150378,0.001729106628242075,0.7955504848830576,0.06,0.03,0.07497891525910351,0.11388030321507024
linear_gaussian,realistic,375,0.05,ebicglasso,0.25,100,11,7328,1762,8738,839,11,7,7332,1735,8765,7,0.006242905788876277,0.8386358434424354,0.9039826047150378,0.004034582132564841,0.8365088419851683,0.11,0.07,0.12623532300558654,0.17382973236712354
linear_gaussian,realistic,375,0.05,ebicglasso,0.5,100,42,7742,1762,8738,839,27,34,7750,1735,8765,21,0.02383654937570942,0.8860151064316777,0.9039826047150378,0.019596541786743516,0.8841985168282943,0.27,0.21,0.2854253966647702,0.34932539919431305
linear_gaussian,realistic,375,0.05,ebicglasso,1.0,100,124,8163,1762,8738,839,60,108,8179,1735,8765,54,0.07037457434733257,0.9341954680704967,0.9039826047150378,0.0622478386167147,0.9331431831146606,0.6,0.54,0.6196149229267189,0.6764425674353025
linear_gaussian,realistic,375,0.05,fci,0.001,100,128,8695,1762,8738,839,72,114,8709,1735,8765,67,0.07264472190692395,0.9950789654383154,0.9039826047150378,0.06570605187319885,0.9936109526525956,0.72,0.67,0.7412081450945871,0.7863506266356534
linear_gaussian,realistic,375,0.05,fci,0.005,100,100,8670,1762,8738,839,65,91,8679,1735,8765,59,0.056753688989784334,0.9922178988326849,0.9039826047150378,0.05244956772334294,0.990188248716486,0.65,0.59,0.6670528128279218,0.7228811360267319
linear_gaussian,realistic,375,0.05,fci,0.01,100,83,8672,1762,8738,839,56,76,8679,1735,8765,51,0.047105561861521,0.9924467841611353,0.9039826047150378,0.04380403458213256,0.990188248716486,0.56,0.51,0.5907691332668431,0.6386867827721385
linear_gaussian,realistic,375,0.05,fci,0.05,100,61,8590,1762,8738,839,47,56,8595,1735,8765,43,0.034619750283768444,0.9830624856946669,0.9039826047150378,0.03227665706051873,0.9806046776953794,0.47,0.43,0.5124577022256671,0.5518668979767878
linear_gaussian,realistic,375,0.05,fci,0.1,100,52,8517,1762,8738,839,43,47,8522,1735,8765,38,0.029511918274687854,0.9747081712062257,0.9039826047150378,0.027089337175792507,0.9722760981175128,0.43,0.38,0.46246369680405597,0.5124577022256671
linear_gaussian,realistic,375,0.05,fci,0.2,100,45,8369,1762,8738,839,38,41,8373,1735,8765,34,0.02553916004540295,0.9577706569008927,0.9039826047150378,0.02363112391930836,0.9552766685681688,0.38,0.34,0.421852274389646,0.46246369680405597
linear_gaussian,realistic,375,0.05,ges,0.5,100,29,8484,1762,8738,839,26,29,8484,1735,8765,26,0.016458569807037457,0.9709315632867933,0.9039826047150378,0.016714697406340056,0.9679406731317741,0.26,0.26,0.33879680637955234,0.33879680637955234
linear_gaussian,realistic,375,0.05,ges,1.0,100,42,8655,1762,8738,839,34,40,8657,1735,8765,32,0.02383654937570942,0.9905012588693065,0.9039826047150378,0.023054755043227664,0.9876782658300057,0.34,0.32,0.4013282357486885,0.421852274389646
linear_gaussian,realistic,375,0.05,ges,2.0,100,87,8697,1762,8738,839,54,74,8710,1735,8765,50,0.04937570942111237,0.9953078507667659,0.9039826047150378,0.04265129682997118,0.9937250427837993,0.54,0.5,0.5810908083419359,0.6196149229267189
linear_gaussian,realistic,375,0.05,ges,4.0,100,258,8725,1762,8738,839,91,232,8751,1735,8765,89,0.14642451759364358,0.9985122453650721,0.9039826047150378,0.13371757925072045,0.9984027381631488,0.91,0.89,0.9299935950187027,0.9452942204791331
linear_gaussian,realistic,375,0.05,pc,0.001,100,123,8679,1762,8738,839,71,109,8693,1735,8765,66,0.06980703745743473,0.9932478828107119,0.9039826047150378,0.0628242074927954,0.9917855105533372,0.71,0.66,0.7320630440021236,0.7774032632918011
linear_gaussian,realistic,375,0.05,pc,0.005,100,95,8643,1762,8738,839,64,86,8652,1735,8765,58,0.05391600454029512,0.9891279468986038,0.9039826047150378,0.04956772334293948,0.9871078151739875,0.64,0.58,0.6576300486552806,0.7136631455732069
linear_gaussian,realistic,375,0.05,pc,0.01,100,80,8621,1762,8738,839,55,73,8628,1735,8765,50,0.04540295119182747,0.9866102082856489,0.9039826047150378,0.04207492795389049,0.9843696520250999,0.55,0.5,0.5810908083419359,0.629166818512157
linear_gaussian,realistic,375,0.05,pc,0.05,100,57,8490,1762,8738,839,47,52,8495,1735,8765,43,0.03234960272417707,0.9716182192721446,0.9039826047150378,0.029971181556195964,0.9691956645750143,0.47,0.43,0.5124577022256671,0.5518668979767878
linear_gaussian,realistic,375,0.05,pc,0.1,100,46,8331,1762,8738,839,40,42,8335,1735,8765,36,0.026106696935300794,0.9534218356603342,0.9039826047150378,0.02420749279538905,0.9509412435824302,0.4,0.36,0.4422289101100197,0.4825611718520672
linear_gaussian,realistic,375,0.05,pc,0.2,100,40,8012,1762,8738,839,35,36,8016,1735,8765,31,0.022701475595913734,0.916914625772488,0.9039826047150378,0.0207492795389049,0.9145464917284655,0.35,0.31,0.39100888463172495,0.43205864484969103
linear_gaussian,realistic,375,0.05,renca,0.05,100,0,110,1762,8738,839,0,0,110,1735,8765,0,0.0,0.012588693064774548,0.9039826047150378,0.0,0.012549914432401598,0.0,0.0,0.02922515353903906,0.02922515353903906
linear_gaussian,realistic,375,0.1,conservative_pc,0.05,100,57,8490,1762,8738,839,47,27,8520,1544,8956,23,0.03234960272417707,0.9716182192721446,0.9039826047150378,0.017487046632124352,0.9513175524787851,0.47,0.23,0.3069276668496347,0.5518668979767878
linear_gaussian,realistic,375,0.1,ebicglasso,0.0,100,6,6970,1762,8738,839,6,1,6975,1544,8956,1,0.00340522133938706,0.7976653696498055,0.9039826047150378,0.0006476683937823834,0.7788075033497097,0.06,0.01,0.0461073499248891,0.11388030321507024
linear_gaussian,realistic,375,0.1,ebicglasso,0.25,100,11,7328,1762,8738,839,11,3,7336,1544,8956,3,0.006242905788876277,0.8386358434424354,0.9039826047150378,0.0019430051813471502,0.8191156766413578,0.11,0.03,0.07497891525910351,0.17382973236712354
linear_gaussian,realistic,375,0.1,ebicglasso,0.5,100,42,7742,1762,8738,839,27,14,7770,1544,8956,11,0.02383654937570942,0.8860151064316777,0.9039826047150378,0.009067357512953367,0.8675748101831174,0.27,0.11,0.17382973236712354,0.34932539919431305
linear_gaussian,realistic,375,0.1,ebicglasso,1.0,100,124,8163,1762,8738,839,60,46,8241,1544,8956,34,0.07037457434733257,0.9341954680704967,0.9039826047150378,0.029792746113989636,0.9201652523447967,0.6,0.34,0.421852274389646,0.6764425674353025
linear_gaussian,realistic,375,0.1,fci,0.001,100,128,8695,1762,8738,839,72,62,8761,1544,8956,45,0.07264472190692395,0.9950789654383154,0.9039826047150378,0.04015544041450777,0.9782268870031264,0.72,0.45,0.5322261940040123,0.7863506266356534
linear_gaussian,realistic,375,0.1,fci,0.005,100,100,8670,1762,8738,839,65,52,8718,1544,8956,39,0.056753688989784334,0.9922178988326849,0.9039826047150378,0.03367875647668394,0.9734256364448415,0.65,0.39,0.4725293505201176,0.7228811360267319
linear_gaussian,realistic,375,0.1,fci,0.01,100,83,8672,1762,8738,839,56,44,8711,1544,8956,34,0.047105561861521,0.9924467841611353,0.9039826047150378,0.02849740932642487,0.9726440375167485,0.56,0.34,0.421852274389646,0.6386867827721385
linear_gaussian,realistic,375,0.1,fci,0.05,100,61,8590,1762,8738,839,47,31,8620,1544,8956,26,0.034619750283768444,0.9830624856946669,0.9039826047150378,0.020077720207253884,0.9624832514515409,0.47,0.26,0.33879680637955234,0.5518668979767878
linear_gaussian,realistic,375,0.1,fci,0.1,100,52,8517,1762,8738,839,43,25,8544,1544,8956,22,0.029511918274687854,0.9747081712062257,0.9039826047150378,0.016191709844559584,0.9539973202322466,0.43,0.22,0.29620367467381814,0.5124577022256671
linear_gaussian,realistic,375,0.1,fci,0.2,100,45,8369,1762,8738,839,38,23,8391,1544,8956,20,0.02553916004540295,0.9577706569008927,0.9039826047150378,0.014896373056994818,0.9369138008039303,0.38,0.2,0.2745901310654298,0.46246369680405597
linear_gaussian,realistic,375,0.1,ges,0.5,100,29,8484,1762,8738,839,26,19,8494,1544,8956,17,0.016458569807037457,0.9709315632867933,0.9039826047150378,0.012305699481865285,0.9484144707458687,0.26,0.17,0.24170993055257928,0.33879680637955234
linear_gaussian,realistic,375,0.1,ges,1.0,100,42,8655,1762,8738,839,34,29,8668,1544,8956,24,0.02383654937570942,0.9905012588693065,0.9039826047150378,0.01878238341968912,0.9678427869584636,0.34,0.24,0.31759978364514124,0.421852274389646
linear_gaussian,realistic,375,0.1,ges,2.0,100,87,8697,1762,8738,839,54,50,8734,1544,8956,37,0.04937570942111237,0.9953078507667659,0.9039826047150378,0.03238341968911917,0.9752121482804823,0.54,0.37,0.452363728915137,0.6196149229267189
linear_gaussian,realistic,375,0.1,ges,4.0,100,258,8725,1762,8738,839,91,117,8866,1544,8956,68,0.14642451759364358,0.9985122453650721,0.9039826047150378,0.07577720207253887,0.9899508709245198,0.91,0.68,0.7503156411067051,0.9452942204791331
linear_gaussian,realistic,375,0.1,pc,0.001,100,123,8679,1762,8738,839,71,61,8741,1544,8956,45,0.06980703745743473,0.9932478828107119,0.9039826047150378,0.03950777202072539,0.9759937472085752,0.71,0.45,0.5322261940040123,0.7774032632918011
linear_gaussian,realistic,375,0.1,pc,0.005,100,95,8643,1762,8738,839,64,50,8688,1544,8956,37,0.05391600454029512,0.9891279468986038,0.9039826047150378,0.03238341968911917,0.9700759267530147,0.64,0.37,0.452363728915137,0.7136631455732069
linear_gaussian,realistic,375,0.1,pc,0.01,100,80,8621,1762,8738,839,55,42,8659,1544,8956,32,0.04540295119182747,0.9866102082856489,0.9039826047150378,0.027202072538860103,0.9668378740509156,0.55,0.32,0.4013282357486885,0.629166818512157
linear_gaussian,realistic,375,0.1,pc,0.05,100,57,8490,1762,8738,839,47,27,8520,1544,8956,23,0.03234960272417707,0.9716182192721446,0.9039826047150378,0.017487046632124352,0.9513175524787851,0.47,0.23,0.3069276668496347,0.5518668979767878
linear_gaussian,realistic,375,0.1,pc,0.1,100,46,8331,1762,8738,839,40,22,8355,1544,8956,19,0.026106696935300794,0.9534218356603342,0.9039826047150378,0.014248704663212436,0.9328941491737383,0.4,0.19,0.2636948367041438,0.4825611718520672
linear_gaussian,realistic,375,0.1,pc,0.2,100,40,8012,1762,8738,839,35,19,8033,1544,8956,16,0.022701475595913734,0.916914625772488,0.9039826047150378,0.012305699481865285,0.8969405984814649,0.35,0.16,0.23061193060524293,0.43205864484969103
linear_gaussian,realistic,375,0.1,renca,0.1,100,6,1385,1762,8738,839,5,3,1388,1544,8956,2,0.00340522133938706,0.15850308995193407,0.9039826047150378,0.0019430051813471502,0.15497990174184903,0.05,0.02,0.061022102608543335,0.10126897166065246
linear_gaussian,realistic,375,0.2,conservative_pc,0.05,100,57,8490,1762,8738,839,47,6,8541,986,9514,5,0.03234960272417707,0.9716182192721446,0.9039826047150378,0.006085192697768763,0.897729661551398,0.47,0.05,0.10126897166065246,0.5518668979767878
linear_gaussian,realistic,375,0.2,ebicglasso,0.0,100,6,6970,1762,8738,839,6,0,6976,986,9514,0,0.00340522133938706,0.7976653696498055,0.9039826047150378,0.0,0.7332352322892579,0.06,0.0,0.02922515353903906,0.11388030321507024
linear_gaussian,realistic,375,0.2,ebicglasso,0.25,100,11,7328,1762,8738,839,11,0,7339,986,9514,0,0.006242905788876277,0.8386358434424354,0.9039826047150378,0.0,0.7713895312171537,0.11,0.0,0.02922515353903906,0.17382973236712354
linear_gaussian,realistic,375,0.2,ebicglasso,0.5,100,42,7742,1762,8738,839,27,0,7784,986,9514,0,0.02383654937570942,0.8860151064316777,0.9039826047150378,0.0,0.8181627075888165,0.27,0.0,0.02922515353903906,0.34932539919431305
linear_gaussian,realistic,375,0.2,ebicglasso,1.0,100,124,8163,1762,8738,839,60,0,8287,986,9514,0,0.07037457434733257,0.9341954680704967,0.9039826047150378,0.0,0.8710321631280219,0.6,0.0,0.02922515353903906,0.6764425674353025
linear_gaussian,realistic,375,0.2,fci,0.001,100,128,8695,1762,8738,839,72,15,8808,986,9514,14,0.07264472190692395,0.9950789654383154,0.9039826047150378,0.015212981744421906,0.9257935673743957,0.72,0.14,0.20817889490003688,0.7863506266356534
linear_gaussian,realistic,375,0.2,fci,0.005,100,100,8670,1762,8738,839,65,12,8758,986,9514,11,0.056753688989784334,0.9922178988326849,0.9039826047150378,0.012170385395537525,0.9205381542989279,0.65,0.11,0.17382973236712354,0.7228811360267319
linear_gaussian,realistic,375,0.2,fci,0.01,100,83,8672,1762,8738,839,56,10,8745,986,9514,9,0.047105561861521,0.9924467841611353,0.9039826047150378,0.010141987829614604,0.9191717468993063,0.56,0.09,0.15034397570763627,0.6386867827721385
linear_gaussian,realistic,375,0.2,fci,0.05,100,61,8590,1762,8738,839,47,7,8644,986,9514,6,0.034619750283768444,0.9830624856946669,0.9039826047150378,0.007099391480730223,0.9085558124868615,0.47,0.06,0.11388030321507024,0.5518668979767878
linear_gaussian,realistic,375,0.2,fci,0.1,100,52,8517,1762,8738,839,43,6,8563,986,9514,5,0.029511918274687854,0.9747081712062257,0.9039826047150378,0.006085192697768763,0.9000420433046037,0.43,0.05,0.10126897166065246,0.5124577022256671
linear_gaussian,realistic,375,0.2,fci,0.2,100,45,8369,1762,8738,839,38,6,8408,986,9514,5,0.02553916004540295,0.9577706569008927,0.9039826047150378,0.006085192697768763,0.8837502627706538,0.38,0.05,0.10126897166065246,0.46246369680405597
linear_gaussian,realistic,375,0.2,ges,0.5,100,29,8484,1762,8738,839,26,6,8507,986,9514,5,0.016458569807037457,0.9709315632867933,0.9039826047150378,0.006085192697768763,0.8941559806600798,0.26,0.05,0.10126897166065246,0.33879680637955234
linear_gaussian,realistic,375,0.2,ges,1.0,100,42,8655,1762,8738,839,34,9,8688,986,9514,8,0.02383654937570942,0.9905012588693065,0.9039826047150378,0.009127789046653144,0.9131805759932731,0.34,0.08,0.13837903652985845,0.421852274389646
linear_gaussian,realistic,375,0.2,ges,2.0,100,87,8697,1762,8738,839,54,20,8764,986,9514,16,0.04937570942111237,0.9953078507667659,0.9039826047150378,0.02028397565922921,0.921168803867984,0.54,0.16,0.23061193060524293,0.6196149229267189
linear_gaussian,realistic,375,0.2,ges,4.0,100,258,8725,1762,8738,839,91,41,8942,986,9514,33,0.14642451759364358,0.9985122453650721,0.9039826047150378,0.04158215010141988,0.9398780744166492,0.91,0.33,0.41160907171888717,0.9452942204791331
linear_gaussian,realistic,375,0.2,pc,0.001,100,123,8679,1762,8738,839,71,15,8787,986,9514,14,0.06980703745743473,0.9932478828107119,0.9039826047150378,0.015212981744421906,0.9235862938826992,0.71,0.14,0.20817889490003688,0.7774032632918011
linear_gaussian,realistic,375,0.2,pc,0.005,100,95,8643,1762,8738,839,64,11,8727,986,9514,10,0.05391600454029512,0.9891279468986038,0.9039826047150378,0.011156186612576065,0.9172797981921379,0.64,0.1,0.16215457187317905,0.7136631455732069
linear_gaussian,realistic,375,0.2,pc,0.01,100,80,8621,1762,8738,839,55,8,8693,986,9514,7,0.04540295119182747,0.9866102082856489,0.9039826047150378,0.008113590263691683,0.9137061173008199,0.55,0.07,0.12623532300558654,0.629166818512157
linear_gaussian,realistic,375,0.2,pc,0.05,100,57,8490,1762,8738,839,47,6,8541,986,9514,5,0.03234960272417707,0.9716182192721446,0.9039826047150378,0.006085192697768763,0.897729661551398,0.47,0.05,0.10126897166065246,0.5518668979767878
linear_gaussian,realistic,375,0.2,pc,0.1,100,46,8331,1762,8738,839,40,5,8372,986,9514,4,0.026106696935300794,0.9534218356603342,0.9039826047150378,0.005070993914807302,0.879966365356317,0.4,0.04,0.08833585899558055,0.4825611718520672
linear_gaussian,realistic,375,0.2,pc,0.2,100,40,8012,1762,8738,839,35,5,8047,986,9514,4,0.022701475595913734,0.916914625772488,0.9039826047150378,0.005070993914807302,0.8458061803657767,0.35,0.04,0.08833585899558055,0.43205864484969103
linear_gaussian,realistic,375,0.2,renca,0.2,100,255,8147,1762,8738,839,94,45,8357,986,9514,32,0.14472190692395007,0.9323643854428931,0.9039826047150378,0.04563894523326572,0.8783897414336767,0.94,0.32,0.4013282357486885,0.967022531671149
linear_gaussian,strong,375,0.05,conservative_pc,0.05,100,78,8255,1733,8767,572,54,78,8255,1725,8775,54,0.04500865551067513,0.941599178738451,0.9347553324968633,0.04521739130434783,0.9407407407407408,0.54,0.54,0.6196149229267189,0.6196149229267189
linear_gaussian,strong,375,0.05,ebicglasso,0.0,100,4,5775,1733,8767,572,4,4,5775,1725,8775,4,0.002308136180034622,0.6587202007528231,0.9347553324968633,0.002318840579710145,0.6581196581196581,0.04,0.04,0.08833585899558055,0.08833585899558055
linear_gaussian,strong,375,0.05,ebicglasso,0.25,100,4,5947,1733,8767,572,4,4,5947,1725,8775,4,0.002308136180034622,0.6783392266453747,0.9347553324968633,0.002318840579710145,0.6777207977207977,0.04,0.04,0.08833585899558055,0.08833585899558055
linear_gaussian,strong,375,0.05,ebicglasso,0.5,100,5,6061,1733,8767,572,5,5,6061,1725,8775,5,0.0028851702250432777,0.6913425345043914,0.9347553324968633,0.002898550724637681,0.6907122507122507,0.05,0.05,0.10126897166065246,0.10126897166065246
linear_gaussian,strong,375,0.05,ebicglasso,1.0,100,8,6136,1733,8767,572,8,8,6136,1725,8775,8,0.004616272360069244,0.6998973423063762,0.9347553324968633,0.00463768115942029,0.6992592592592592,0.08,0.08,0.13837903652985845,0.13837903652985845
linear_gaussian,strong,375,0.05,fci,0.001,100,149,8623,1733,8767,572,74,149,8623,1725,8775,74,0.08597807270628967,0.9835747690201894,0.9347553324968633,0.08637681159420289,0.9826780626780627,0.74,0.74,0.804115008292422,0.804115008292422
linear_gaussian,strong,375,0.05,fci,0.005,100,133,8599,1733,8767,572,70,133,8599,1725,8775,70,0.07674552798615118,0.9808372305235542,0.9347553324968633,0.07710144927536232,0.9799430199430199,0.7,0.7,0.7684142153329652,0.7684142153329652
linear_gaussian,strong,375,0.05,fci,0.01,100,125,8596,1733,8767,572,71,125,8596,1725,8775,71,0.07212925562608194,0.9804950382114749,0.9347553324968633,0.07246376811594203,0.9796011396011396,0.71,0.71,0.7774032632918011,0.7774032632918011
linear_gaussian,strong,375,0.05,fci,0.05,100,99,8553,1733,8767,572,62,99,8553,1725,8775,62,0.0571263704558569,0.975590281738337,0.9347553324968633,0.057391304347826085,0.9747008547008547,0.62,0.62,0.6951214797693706,0.6951214797693706
linear_gaussian,strong,375,0.05,fci,0.1,100,89,8529,1733,8767,572,60,89,8529,1725,8775,60,0.05135603000577034,0.9728527432417018,0.9347553324968633,0.051594202898550726,0.971965811965812,0.6,0.6,0.6764425674353025,0.6764425674353025
linear_gaussian,strong,375,0.05,fci,0.2,100,84,8423,1733,8767,572,57,84,8423,1725,8775,57,0.048470859780727064,0.9607619482148968,0.9347553324968633,0.04869565217391304,0.9598860398860399,0.57,0.57,0.6481746087012467,0.6481746087012467
linear_gaussian,strong,375,0.05,ges,0.5,100,17,8479,1733,8767,572,16,17,8479,1725,8775,16,0.009809578765147143,0.9671495380403787,0.9347553324968633,0.009855072463768115,0.9662678062678063,0.16,0.16,0.23061193060524293,0.23061193060524293
linear_gaussian,strong,375,0.05,ges,1.0,100,22,8642,1733,8767,572,21,22,8642,1725,8775,21,0.012694748990190421,0.9857419869966921,0.9347553324968633,0.012753623188405797,0.9848433048433048,0.21,0.21,0.2854253966647702,0.2854253966647702
linear_gaussian,strong,375,0.05,ges,2.0,100,34,8665,1733,8767,572,27,34,8665,1725,8775,27,0.019619157530294286,0.9883654613893008,0.9347553324968633,0.01971014492753623,0.9874643874643875,0.27,0.27,0.34932539919431305,0.34932539919431305
linear_gaussian,strong,375,0.05,ges,4.0,100,95,8670,1733,8767,572,55,90,8675,1725,8775,53,0.054818234275822275,0.9889357819094331,0.9347553324968633,0.05217391304347826,0.9886039886039886,0.55,0.53,0.6100312636360089,0.629166818512157
linear_gaussian,strong,375,0.05,pc,0.001,100,134,8503,1733,8767,572,72,134,8503,1725,8775,72,0.07732256203115984,0.9698870765370138,0.9347553324968633,0.07768115942028986,0.969002849002849,0.72,0.72,0.7863506266356534,0.7863506266356534
linear_gaussian,strong,375,0.05,pc,0.005,100,116,8432,1733,8767,572,68,116,8432,1725,8775,68,0.06693594922100404,0.9617885251511349,0.9347553324968633,0.0672463768115942,0.9609116809116809,0.68,0.68,0.7503156411067051,0.7503156411067051
linear_gaussian,strong,375,0.05,pc,0.01,100,108,8394,1733,8767,572,66,108,8394,1725,8775,66,0.06231967686093479,0.9574540891981294,0.9347553324968633,0.06260869565217392,0.9565811965811966,0.66,0.66,0.7320630440021236,0.7320630440021236
linear_gaussian,strong,375,0.05,pc,0.05,100,78,8255,1733,8767,572,54,78,8255,1725,8775,54,0.04500865551067513,0.941599178738451,0.9347553324968633,0.04521739130434783,0.9407407407407408,0.54,0.54,0.6196149229267189,0.6196149229267189
linear_gaussian,strong,375,0.05,pc,0.1,100,69,8117,1733,8767,572,51,69,8117,1725,8775,51,0.03981534910559723,0.9258583323827991,0.9347553324968633,0.04,0.925014245014245,0.51,0.51,0.5907691332668431,0.5907691332668431
linear_gaussian,strong,375,0.05,pc,0.2,100,54,7806,1733,8767,572,40,54,7806,1725,8775,40,0.031159838430467397,0.8903843960305692,0.9347553324968633,0.03130434782608696,0.8895726495726496,0.4,0.4,0.4825611718520672,0.4825611718520672
linear_gaussian,strong,375,0.05,renca,0.05,100,3,511,1733,8767,572,3,3,511,1725,8775,3,0.0017311021350259665,0.058286757157522524,0.9347553324968633,0.0017391304347826088,0.05823361823361824,0.03,0.03,0.07497891525910351,0.07497891525910351
linear_gaussian,strong,375,0.1,conservative_pc,0.05,100,78,8255,1733,8767,572,54,78,8255,1692,8808,54,0.04500865551067513,0.941599178738451,0.9347553324968633,0.04609929078014184,0.9372161671207992,0.54,0.54,0.6196149229267189,0.6196149229267189
linear_gaussian,strong,375,0.1,ebicglasso,0.0,100,4,5775,1733,8767,572,4,4,5775,1692,8808,4,0.002308136180034622,0.6587202007528231,0.9347553324968633,0.002364066193853428,0.6556539509536785,0.04,0.04,0.08833585899558055,0.08833585899558055
linear_gaussian,strong,375,0.1,ebicglasso,0.25,100,4,5947,1733,8767,572,4,4,5947,1692,8808,4,0.002308136180034622,0.6783392266453747,0.9347553324968633,0.002364066193853428,0.6751816530426885,0.04,0.04,0.08833585899558055,0.08833585899558055
linear_gaussian,strong,375,0.1,ebicglasso,0.5,100,5,6061,1733,8767,572,5,5,6061,1692,8808,5,0.0028851702250432777,0.6913425345043914,0.9347553324968633,0.002955082742316785,0.6881244323342416,0.05,0.05,0.10126897166065246,0.10126897166065246
linear_gaussian,strong,375,0.1,ebicglasso,1.0,100,8,6136,1733,8767,572,8,8,6136,1692,8808,8,0.004616272360069244,0.6998973423063762,0.9347553324968633,0.004728132387706856,0.6966394187102634,0.08,0.08,0.13837903652985845,0.13837903652985845
linear_gaussian,strong,375,0.1,fci,0.001,100,149,8623,1733,8767,572,74,147,8625,1692,8808,73,0.08597807270628967,0.9835747690201894,0.9347553324968633,0.08687943262411348,0.9792234332425068,0.74,0.73,0.7952550157622567,0.804115008292422
linear_gaussian,strong,375,0.1,fci,0.005,100,133,8599,1733,8767,572,70,131,8601,1692,8808,69,0.07674552798615118,0.9808372305235542,0.9347553324968633,0.07742316784869976,0.9764986376021798,0.7,0.69,0.75938465341525,0.7684142153329652
linear_gaussian,strong,375,0.1,fci,0.01,100,125,8596,1733,8767,572,71,122,8599,1692,8808,70,0.07212925562608194,0.9804950382114749,0.9347553324968633,0.07210401891252956,0.9762715712988193,0.71,0.7,0.7684142153329652,0.7774032632918011
linear_gaussian,strong,375,0.1,fci,0.05,100,99,8553,1733,8767,572,62,98,8554,1692,8808,62,0.0571263704558569,0.975590281738337,0.9347553324968633,0.057919621749408984,0.9711625794732062,0.62,0.62,0.6951214797693706,0.6951214797693706
linear_gaussian,strong,375,0.1,fci,0.1,100,89,8529,1733,8767,572,60,89,8529,1692,8808,60,0.05135603000577034,0.9728527432417018,0.9347553324968633,0.05260047281323877,0.9683242506811989,0.6,0.6,0.6764425674353025,0.6764425674353025
linear_gaussian,strong,375,0.1,fci,0.2,100,84,8423,1733,8767,572,57,84,8423,1692,8808,57,0.048470859780727064,0.9607619482148968,0.9347553324968633,0.04964539007092199,0.9562897366030881,0.57,0.57,0.6481746087012467,0.6481746087012467
linear_gaussian,strong,375,0.1,ges,0.5,100,17,8479,1733,8767,572,16,17,8479,1692,8808,16,0.009809578765147143,0.9671495380403787,0.9347553324968633,0.01004728132387707,0.9626475930971844,0.16,0.16,0.23061193060524293,0.23061193060524293
linear_gaussian,strong,375,0.1,ges,1.0,100,22,8642,1733,8767,572,21,22,8642,1692,8808,21,0.012694748990190421,0.9857419869966921,0.9347553324968633,0.013002364066193853,0.9811534968210718,0.21,0.21,0.2854253966647702,0.2854253966647702
linear_gaussian,strong,375,0.1,ges,2.0,100,34,8665,1733,8767,572,27,33,8666,1692,8808,27,0.019619157530294286,0.9883654613893008,0.9347553324968633,0.01950354609929078,0.9838782924613987,0.27,0.27,0.34932539919431305,0.34932539919431305
linear_gaussian,strong,375,0.1,ges,4.0,100,95,8670,1733,8767,572,55,85,8680,1692,8808,52,0.054818234275822275,0.9889357819094331,0.9347553324968633,0.050236406619385346,0.9854677565849228,0.55,0.52,0.6004159698768228,0.629166818512157
linear_gaussian,strong,375,0.1,pc,0.001,100,134,8503,1733,8767,572,72,133,8504,1692,8808,72,0.07732256203115984,0.9698870765370138,0.9347553324968633,0.07860520094562648,0.9654859218891917,0.72,0.72,0.7863506266356534,0.7863506266356534
linear_gaussian,strong,375,0.1,pc,0.005,100,116,8432,1733,8767,572,68,115,8433,1692,8808,68,0.06693594922100404,0.9617885251511349,0.9347553324968633,0.06796690307328605,0.957425068119891,0.68,0.68,0.7503156411067051,0.7503156411067051
linear_gaussian,strong,375,0.1,pc,0.01,100,108,8394,1733,8767,572,66,107,8395,1692,8808,66,0.06231967686093479,0.9574540891981294,0.9347553324968633,0.06323877068557919,0.95311080835604,0.66,0.66,0.7320630440021236,0.7320630440021236
linear_gaussian,strong,375,0.1,pc,0.05,100,78,8255,1733,8767,572,54,78,8255,1692,8808,54,0.04500865551067513,0.941599178738451,0.9347553324968633,0.04609929078014184,0.9372161671207992,0.54,0.54,0.6196149229267189,0.6196149229267189
linear_gaussian,strong,375,0.1,pc,0.1,100,69,8117,1733,8767,572,51,69,8117,1692,8808,51,0.03981534910559723,0.9258583323827991,0.9347553324968633,0.040780141843971635,0.9215485921889192,0.51,0.51,0.5907691332668431,0.5907691332668431
linear_gaussian,strong,375,0.1,pc,0.2,100,54,7806,1733,8767,572,40,54,7806,1692,8808,40,0.031159838430467397,0.8903843960305692,0.9347553324968633,0.031914893617021274,0.8862397820163488,0.4,0.4,0.4825611718520672,0.4825611718520672
linear_gaussian,strong,375,0.1,renca,0.1,100,42,2087,1733,8767,572,34,42,2087,1692,8808,34,0.024235429890363532,0.23805178510322803,0.9347553324968633,0.024822695035460994,0.23694368755676656,0.34,0.34,0.421852274389646,0.421852274389646
linear_gaussian,strong,375,0.2,conservative_pc,0.05,100,78,8255,1733,8767,572,54,58,8275,1537,8963,45,0.04500865551067513,0.941599178738451,0.9347553324968633,0.03773584905660377,0.9232399866116255,0.54,0.45,0.5322261940040123,0.6196149229267189
linear_gaussian,strong,375,0.2,ebicglasso,0.0,100,4,5775,1733,8767,572,4,2,5777,1537,8963,2,0.002308136180034622,0.6587202007528231,0.9347553324968633,0.0013012361743656475,0.6445386589311615,0.04,0.02,0.061022102608543335,0.08833585899558055
linear_gaussian,strong,375,0.2,ebicglasso,0.25,100,4,5947,1733,8767,572,4,2,5949,1537,8963,2,0.002308136180034622,0.6783392266453747,0.9347553324968633,0.0013012361743656475,0.663728662278255,0.04,0.02,0.061022102608543335,0.08833585899558055
linear_gaussian,strong,375,0.2,ebicglasso,0.5,100,5,6061,1733,8767,572,5,3,6063,1537,8963,3,0.0028851702250432777,0.6913425345043914,0.9347553324968633,0.001951854261548471,0.6764476179850496,0.05,0.03,0.07497891525910351,0.10126897166065246
linear_gaussian,strong,375,0.2,ebicglasso,1.0,100,8,6136,1733,8767,572,8,5,6139,1537,8963,5,0.004616272360069244,0.6998973423063762,0.9347553324968633,0.0032530904359141183,0.6849269217895794,0.08,0.05,0.10126897166065246,0.13837903652985845
linear_gaussian,strong,375,0.2,fci,0.001,100,149,8623,1733,8767,572,74,108,8664,1537,8963,62,0.08597807270628967,0.9835747690201894,0.9347553324968633,0.07026675341574495,0.9666406337163896,0.74,0.62,0.6951214797693706,0.804115008292422
linear_gaussian,strong,375,0.2,fci,0.005,100,133,8599,1733,8767,572,70,95,8637,1537,8963,58,0.07674552798615118,0.9808372305235542,0.9347553324968633,0.06180871828236825,0.9636282494700436,0.7,0.58,0.6576300486552806,0.7684142153329652
linear_gaussian,strong,375,0.2,fci,0.01,100,125,8596,1733,8767,572,71,88,8633,1537,8963,57,0.07212925562608194,0.9804950382114749,0.9347553324968633,0.057254391672088484,0.9631819703224367,0.71,0.57,0.6481746087012467,0.7774032632918011
linear_gaussian,strong,375,0.2,fci,0.05,100,99,8553,1733,8767,572,62,68,8584,1537,8963,50,0.0571263704558569,0.975590281738337,0.9347553324968633,0.04424202992843201,0.957715050764253,0.62,0.5,0.5810908083419359,0.6951214797693706
linear_gaussian,strong,375,0.2,fci,0.1,100,89,8529,1733,8767,572,60,67,8551,1537,8963,49,0.05135603000577034,0.9728527432417018,0.9347553324968633,0.043591411841249185,0.9540332477964967,0.6,0.49,0.5713810128739076,0.6764425674353025
linear_gaussian,strong,375,0.2,fci,0.2,100,84,8423,1733,8767,572,57,61,8446,1537,8963,47,0.048470859780727064,0.9607619482148968,0.9347553324968633,0.039687703318152245,0.9423184201718174,0.57,0.47,0.5518668979767878,0.6481746087012467
linear_gaussian,strong,375,0.2,ges,0.5,100,17,8479,1733,8767,572,16,16,8480,1537,8963,15,0.009809578765147143,0.9671495380403787,0.9347553324968633,0.01040988939492518,0.9461117929264755,0.16,0.15,0.219436915836575,0.23061193060524293
linear_gaussian,strong,375,0.2,ges,1.0,100,22,8642,1733,8767,572,21,20,8644,1537,8963,19,0.012694748990190421,0.9857419869966921,0.9347553324968633,0.013012361743656473,0.9644092379783554,0.21,0.19,0.2636948367041438,0.2854253966647702
linear_gaussian,strong,375,0.2,ges,2.0,100,34,8665,1733,8767,572,27,30,8669,1537,8963,25,0.019619157530294286,0.9883654613893008,0.9347553324968633,0.01951854261548471,0.9671984826508981,0.27,0.25,0.32822218367850553,0.34932539919431305
linear_gaussian,strong,375,0.2,ges,4.0,100,95,8670,1733,8767,572,55,72,8693,1537,8963,49,0.054818234275822275,0.9889357819094331,0.9347553324968633,0.0468445022771633,0.9698761575365391,0.55,0.49,0.5713810128739076,0.629166818512157
linear_gaussian,strong,375,0.2,pc,0.001,100,134,8503,1733,8767,572,72,96,8541,1537,8963,59,0.07732256203115984,0.9698870765370138,0.9347553324968633,0.062459336369551074,0.9529175499274797,0.72,0.59,0.6670528128279218,0.7863506266356534
linear_gaussian,strong,375,0.2,pc,0.005,100,116,8432,1733,8767,572,68,82,8466,1537,8963,56,0.06693594922100404,0.9617885251511349,0.9347553324968633,0.053350683148991544,0.9445498159098517,0.68,0.56,0.6386867827721385,0.7503156411067051
linear_gaussian,strong,375,0.2,pc,0.01,100,108,8394,1733,8767,572,66,76,8426,1537,8963,53,0.06231967686093479,0.9574540891981294,0.9347553324968633,0.0494469746258946,0.9400870244337833,0.66,0.53,0.6100312636360089,0.7320630440021236
linear_gaussian,strong,375,0.2,pc,0.05,100,78,8255,1733,8767,572,54,58,8275,1537,8963,45,0.04500865551067513,0.941599178738451,0.9347553324968633,0.03773584905660377,0.9232399866116255,0.54,0.45,0.5322261940040123,0.6196149229267189
linear_gaussian,strong,375,0.2,pc,0.1,100,69,8117,1733,8767,572,51,52,8134,1537,8963,41,0.03981534910559723,0.9258583323827991,0.9347553324968633,0.03383214053350683,0.9075086466584849,0.51,0.41,0.49255959097516605,0.5907691332668431
linear_gaussian,strong,375,0.2,pc,0.2,100,54,7806,1733,8767,572,40,43,7817,1537,8963,34,0.031159838430467397,0.8903843960305692,0.9347553324968633,0.02797657774886142,0.8721410242106438,0.4,0.34,0.421852274389646,0.4825611718520672
linear_gaussian,strong,375,0.2,renca,0.2,100,331,7980,1733,8767,572,94,242,8069,1537,8963,91,0.19099826889786498,0.9102315501311737,0.9347553324968633,0.15744957709824334,0.9002566105098739,0.94,0.91,0.9452942204791331,0.967022531671149
