p,family,edge_strength,delta,checks_per_pair,correct_prune_rate,wrongful_prune_rate,strong_wrongful_prune_rate_040,strong_wrongful_prune_rate_060,familywise_wrongful_rate,unresolved_rate,candidate_adjacency_rate,mean_edges,edge_density,practical_absent,practical_present,strong_present_040,strong_present_060,replications,seconds_per_graph,mean_rejections
4,additive_nonlinear,realistic,0.05,3,0.5239005736137667,0.0,0.0,0.0,0.0,0.45666666666666667,0.315,3.43,0.5716666666666667,523,677,201,3,200,3.676569978999969,0.995
5,additive_nonlinear,realistic,0.05,4,0.5206349206349207,0.0009478672985781991,0.0,0.0,0.005,0.4615,0.292,5.495,0.5495,945,1055,228,1,200,7.144661125499961,0.0
6,additive_nonlinear,realistic,0.05,5,0.4932844932844933,0.0007342143906020558,0.0,0.0,0.005,0.47333333333333333,0.257,7.03,0.4686666666666667,1638,1362,297,1,200,11.447508232500004,0.0
7,additive_nonlinear,realistic,0.05,6,0.6060721062618596,0.0006389776357827476,0.0,0.0,0.005,0.4195238095238095,0.2,8.04,0.38285714285714284,2635,1565,320,1,200,17.27924428350002,0.0
8,additive_nonlinear,realistic,0.05,7,0.6394485683987274,0.0005470459518599562,0.0,0.0,0.005,0.39017857142857143,0.17892857142857144,9.425,0.3366071428571429,3772,1828,349,1,200,23.955277184500055,0.0
9,additive_nonlinear,realistic,0.05,8,0.728397411496003,0.0,0.0,0.0,0.0,0.32,0.14847222222222223,9.945,0.27625,5254,1946,410,1,200,32.99319483750002,0.0
10,additive_nonlinear,realistic,0.05,9,0.7121189367772939,0.0,0.0,0.0,0.0,0.3363333333333333,0.13677777777777778,11.95,0.26555555555555554,6659,2341,449,2,200,44.27813442100008,0.0
4,additive_nonlinear,realistic,0.1,3,0.6666666666666666,0.0,0.0,0.0,0.0,0.4508333333333333,0.2275,3.43,0.5716666666666667,579,621,201,3,200,3.676569978999969,0.995
5,additive_nonlinear,realistic,0.1,4,0.6343692870201096,0.0011037527593818985,0.0,0.0,0.005,0.462,0.1905,5.495,0.5495,1094,906,228,1,200,7.144661125499961,0.0
6,additive_nonlinear,realistic,0.1,5,0.642122360584732,0.0017346053772766695,0.0,0.0,0.01,0.43766666666666665,0.16633333333333333,7.03,0.4686666666666667,1847,1153,297,1,200,11.447508232500004,0.0
7,additive_nonlinear,realistic,0.1,6,0.7580133849947165,0.0014695077149155032,0.0,0.0,0.01,0.36214285714285716,0.125,8.04,0.38285714285714284,2839,1361,320,1,200,17.27924428350002,0.0
8,additive_nonlinear,realistic,0.1,7,0.7801788375558867,0.0006353240152477764,0.0,0.0,0.005,0.32303571428571426,0.11589285714285714,9.425,0.3366071428571429,4026,1574,349,1,200,23.955277184500055,0.0
9,additive_nonlinear,realistic,0.1,8,0.8420862006519377,0.0005959475566150178,0.0,0.0,0.005,0.25833333333333336,0.09569444444444444,9.945,0.27625,5522,1678,410,1,200,32.99319483750002,0.0
10,additive_nonlinear,realistic,0.1,9,0.8376828219099512,0.0,0.0,0.0,0.0,0.265,0.08588888888888889,11.95,0.26555555555555554,6974,2026,449,2,200,44.27813442100008,0.0
4,additive_nonlinear,realistic,0.2,3,0.7762619372442019,0.0,0.0,0.0,0.0,0.4216666666666667,0.10416666666666667,3.43,0.5716666666666667,733,467,201,3,200,3.676569978999969,0.995
5,additive_nonlinear,realistic,0.2,4,0.7683982683982684,0.003257328990228013,0.0,0.0,0.01,0.39,0.0765,5.495,0.5495,1386,614,228,1,200,7.144661125499961,0.0
6,additive_nonlinear,realistic,0.2,5,0.7996406109613656,0.0012919896640826874,0.0,0.0,0.005,0.3446666666666667,0.06166666666666667,7.03,0.4686666666666667,2226,774,297,1,200,11.447508232500004,0.0
7,additive_nonlinear,realistic,0.2,6,0.8680953818291579,0.004509582863585118,0.0,0.0,0.02,0.26,0.054285714285714284,8.04,0.38285714285714284,3313,887,320,1,200,17.27924428350002,0.0
8,additive_nonlinear,realistic,0.2,7,0.8827631292220527,0.0,0.0,0.0,0.0,0.23714285714285716,0.039464285714285716,9.425,0.3366071428571429,4589,1011,349,1,200,23.955277184500055,0.0
9,additive_nonlinear,realistic,0.2,8,0.917473338802297,0.0,0.0,0.0,0.0,0.1840277777777778,0.03930555555555556,9.945,0.27625,6095,1105,410,1,200,32.99319483750002,0.0
10,additive_nonlinear,realistic,0.2,9,0.916083009079118,0.0007751937984496124,0.0,0.0,0.005,0.1821111111111111,0.033,11.95,0.26555555555555554,7710,1290,449,2,200,44.27813442100008,0.0
4,additive_nonlinear,strong,0.05,3,0.19140625,0.0,0.0,0.0,0.0,0.6158333333333333,0.3025,3.525,0.5875,512,688,440,333,200,3.5264884895000437,0.97
5,additive_nonlinear,strong,0.05,4,0.2218782249742002,0.0,0.0,0.0,0.0,0.6075,0.285,5.28,0.528,969,1031,553,368,200,6.757390306500046,0.0
6,additive_nonlinear,strong,0.05,5,0.17334130304841602,0.0,0.0,0.0,0.0,0.6666666666666666,0.23666666666666666,6.725,0.4483333333333333,1673,1327,703,461,200,10.668401295999983,0.0
7,additive_nonlinear,strong,0.05,6,0.2649350649350649,0.0,0.0,0.0,0.0,0.6402380952380953,0.18976190476190477,7.64,0.3638095238095238,2695,1505,781,460,200,15.864591503999947,0.0
8,additive_nonlinear,strong,0.05,7,0.2536443148688047,0.0,0.0,0.0,0.0,0.6625,0.16660714285714287,9.23,0.3296428571428571,3773,1827,909,496,200,22.48549611350002,0.0
9,additive_nonlinear,strong,0.05,8,0.3593959090040145,0.0,0.0,0.0,0.0,0.5993055555555555,0.13958333333333334,9.925,0.27569444444444446,5231,1969,1055,611,200,31.296363958999983,0.0
10,additive_nonlinear,strong,0.05,9,0.3208444840915849,0.0,0.0,0.0,0.0,0.6304444444444445,0.12977777777777777,11.45,0.2544444444444444,6726,2274,1189,641,200,41.81587930149993,0.0
4,additive_nonlinear,strong,0.1,3,0.23669724770642203,0.0,0.0,0.0,0.0,0.6758333333333333,0.21666666666666667,3.525,0.5875,545,655,440,333,200,3.5264884895000437,0.97
5,additive_nonlinear,strong,0.1,4,0.26499032882011603,0.0,0.0,0.0,0.0,0.6925,0.1705,5.28,0.528,1034,966,553,368,200,6.757390306500046,0.0
6,additive_nonlinear,strong,0.1,5,0.24126074498567335,0.0,0.0,0.0,0.0,0.7193333333333334,0.14033333333333334,6.725,0.4483333333333333,1745,1255,703,461,200,10.668401295999983,0.0
7,additive_nonlinear,strong,0.1,6,0.35942028985507246,0.0,0.0,0.0,0.0,0.6447619047619048,0.11904761904761904,7.64,0.3638095238095238,2760,1440,781,460,200,15.864591503999947,0.0
8,additive_nonlinear,strong,0.1,7,0.3657709366031829,0.0,0.0,0.0,0.0,0.6423214285714286,0.10732142857142857,9.23,0.3296428571428571,3833,1767,909,496,200,22.48549611350002,0.0
9,additive_nonlinear,strong,0.1,8,0.47334593572778827,0.0,0.0,0.0,0.0,0.5629166666666666,0.08930555555555555,9.925,0.27569444444444446,5290,1910,1055,611,200,31.296363958999983,0.0
10,additive_nonlinear,strong,0.1,9,0.4496386963574694,0.0,0.0,0.0,0.0,0.5801111111111111,0.0811111111111111,11.45,0.2544444444444444,6781,2219,1189,641,200,41.81587930149993,0.0
4,additive_nonlinear,strong,0.2,3,0.3778135048231511,0.0,0.0,0.0,0.0,0.6891666666666667,0.115,3.525,0.5875,622,578,440,333,200,3.5264884895000437,0.97
5,additive_nonlinear,strong,0.2,4,0.38402718776550554,0.0,0.0,0.0,0.0,0.6865,0.0875,5.28,0.528,1177,823,553,368,200,6.757390306500046,0.0
6,additive_nonlinear,strong,0.2,5,0.3850129198966408,0.0,0.0,0.0,0.0,0.6833333333333333,0.06833333333333333,6.725,0.4483333333333333,1935,1065,703,461,200,10.668401295999983,0.0
7,additive_nonlinear,strong,0.2,6,0.5287317239034343,0.0,0.0,0.0,0.0,0.5683333333333334,0.06142857142857143,7.64,0.3638095238095238,2941,1259,781,460,200,15.864591503999947,0.0
8,additive_nonlinear,strong,0.2,7,0.5715346534653465,0.0,0.0,0.0,0.0,0.5371428571428571,0.05053571428571429,9.23,0.3296428571428571,4040,1560,909,496,200,22.48549611350002,0.0
9,additive_nonlinear,strong,0.2,8,0.6462375339981867,0.0,0.0,0.0,0.0,0.4613888888888889,0.043611111111111114,9.925,0.27569444444444446,5515,1685,1055,611,200,31.296363958999983,0.0
10,additive_nonlinear,strong,0.2,9,0.6470755252697331,0.0,0.0,0.0,0.0,0.4567777777777778,0.03677777777777778,11.45,0.2544444444444444,7044,1956,1189,641,200,41.81587930149993,0.0
4,linear_gaussian,realistic,0.05,3,0.38666666666666666,0.0,0.0,0.0,0.0,0.3566666666666667,0.4741666666666667,3.475,0.5791666666666667,525,675,232,1,200,0.02435597749996305,1.005
5,linear_gaussian,realistic,0.05,4,0.38357588357588357,0.0038535645472061657,0.0,0.0,0.02,0.4265,0.387,5.415,0.5415,962,1038,269,2,200,0.02022002500007147,0.0
6,linear_gaussian,realistic,0.05,5,0.4372037914691943,0.0038109756097560975,0.0,,0.025,0.43333333333333335,0.319,6.79,0.45266666666666666,1688,1312,321,0,200,0.03326533599998584,0.0
7,linear_gaussian,realistic,0.05,6,0.5123715264560335,0.00572155117609663,0.0,0.0,0.04,0.4073809523809524,0.27,8.14,0.38761904761904764,2627,1573,346,1,200,0.04313397950006219,0.0
8,linear_gaussian,realistic,0.05,7,0.549165120593692,0.004378762999452655,0.0,,0.04,0.38857142857142857,0.24,9.44,0.33714285714285713,3773,1827,401,0,200,0.05244887200004996,0.0
9,linear_gaussian,realistic,0.05,8,0.6353591160220995,0.0015376729882111738,0.0,0.0,0.015,0.3293055555555556,0.20708333333333334,10.025,0.27847222222222223,5249,1951,431,2,200,0.0573533139999654,0.0
10,linear_gaussian,realistic,0.05,9,0.6514423076923077,0.0021331058020477816,0.0,,0.025,0.32322222222222224,0.19444444444444445,12.07,0.2682222222222222,6656,2344,474,0,200,0.08581938600005741,0.0
4,linear_gaussian,realistic,0.1,3,0.528169014084507,0.0,0.0,0.0,0.0,0.3933333333333333,0.3566666666666667,3.475,0.5791666666666667,568,632,232,1,200,0.02435597749996305,1.005
5,linear_gaussian,realistic,0.1,4,0.5332086061739943,0.00644468313641246,0.0,0.0,0.03,0.455,0.257,5.415,0.5415,1069,931,269,2,200,0.02022002500007147,0.0
6,linear_gaussian,realistic,0.1,5,0.5969498910675382,0.009450171821305841,0.0,,0.045,0.427,0.204,6.79,0.45266666666666666,1836,1164,321,0,200,0.03326533599998584,0.0
7,linear_gaussian,realistic,0.1,6,0.6676126285916992,0.0065170166545981175,0.0,0.0,0.04,0.36738095238095236,0.1823809523809524,8.14,0.38761904761904764,2819,1381,346,1,200,0.04313397950006219,0.0
8,linear_gaussian,realistic,0.1,7,0.7105394605394605,0.005639097744360902,0.0,,0.04,0.33875,0.15160714285714286,9.44,0.33714285714285713,4004,1596,401,0,200,0.05244887200004996,0.0
9,linear_gaussian,realistic,0.1,8,0.777676120768527,0.00345821325648415,0.0,0.0,0.02,0.2761111111111111,0.13277777777777777,10.025,0.27847222222222223,5465,1735,431,2,200,0.0573533139999654,0.0
10,linear_gaussian,realistic,0.1,9,0.7959890347713172,0.0028999516674722086,0.0,,0.025,0.27066666666666667,0.11566666666666667,12.07,0.2682222222222222,6931,2069,474,0,200,0.08581938600005741,0.0
4,linear_gaussian,realistic,0.2,3,0.7387518142235123,0.0,0.0,0.0,0.0,0.4091666666666667,0.16666666666666666,3.475,0.5791666666666667,689,511,232,1,200,0.02435597749996305,1.005
5,linear_gaussian,realistic,0.2,4,0.7006125574272588,0.012968299711815562,0.007434944237918215,0.0,0.03,0.442,0.096,5.415,0.5415,1306,694,269,2,200,0.02022002500007147,0.0
6,linear_gaussian,realistic,0.2,5,0.7890588780713954,0.014234875444839857,0.0,,0.05,0.35333333333333333,0.07533333333333334,6.79,0.45266666666666666,2157,843,321,0,200,0.03326533599998584,0.0
7,linear_gaussian,realistic,0.2,6,0.8323019801980198,0.011363636363636364,0.0,0.0,0.04,0.29928571428571427,0.05761904761904762,8.14,0.38761904761904764,3232,968,346,1,200,0.04313397950006219,0.0
8,linear_gaussian,realistic,0.2,7,0.8526855359928683,0.006289308176100629,0.0,,0.02,0.2639285714285714,0.05160714285714286,9.44,0.33714285714285713,4487,1113,401,0,200,0.05244887200004996,0.0
9,linear_gaussian,realistic,0.2,8,0.8893524699599465,0.008278145695364239,0.0,0.0,0.035,0.21319444444444444,0.04527777777777778,10.025,0.27847222222222223,5992,1208,431,2,200,0.0573533139999654,0.0
10,linear_gaussian,realistic,0.2,9,0.9003139717425431,0.005162241887905605,0.0,,0.035,0.19411111111111112,0.04044444444444444,12.07,0.2682222222222222,7644,1356,474,0,200,0.08581938600005741,0.0
4,linear_gaussian,strong,0.05,3,0.14990512333965844,0.0,0.0,0.0,0.0,0.5141666666666667,0.42,3.475,0.5791666666666667,527,673,500,390,200,0.02708500649999223,1.01
5,linear_gaussian,strong,0.05,4,0.14343845371312308,0.0,0.0,0.0,0.0,0.5875,0.342,5.255,0.5255,983,1017,683,486,200,0.018084527500013794,0.0
6,linear_gaussian,strong,0.05,5,0.11886457717327026,0.0,0.0,0.0,0.0,0.654,0.279,6.695,0.44633333333333336,1691,1309,842,576,200,0.03323293350001222,0.0
7,linear_gaussian,strong,0.05,6,0.16410640689396777,0.0,0.0,0.0,0.0,0.6585714285714286,0.23714285714285716,7.78,0.37047619047619046,2669,1531,921,603,200,0.04123297750003985,0.0
8,linear_gaussian,strong,0.05,7,0.19084763390535622,0.0,0.0,0.0,0.0,0.6651785714285714,0.20375,8.94,0.3192857142857143,3846,1754,1043,660,200,0.05567278700007591,0.0
9,linear_gaussian,strong,0.05,8,0.25818044259504447,0.0,0.0,0.0,0.0,0.63625,0.17416666666666666,9.7,0.26944444444444443,5287,1913,1147,714,200,0.05714724500005105,0.0
10,linear_gaussian,strong,0.05,9,0.2594899169632266,0.0,0.0,0.0,0.0,0.6421111111111111,0.16344444444444445,11.41,0.25355555555555553,6744,2256,1328,820,200,0.0813721429999805,0.0
4,linear_gaussian,strong,0.1,3,0.16333938294010888,0.0,0.0,0.0,0.0,0.6516666666666666,0.2733333333333333,3.475,0.5791666666666667,551,649,500,390,200,0.02708500649999223,1.01
5,linear_gaussian,strong,0.1,4,0.16634615384615384,0.0,0.0,0.0,0.0,0.706,0.2075,5.255,0.5255,1040,960,683,486,200,0.018084527500013794,0.0
6,linear_gaussian,strong,0.1,5,0.15699658703071673,0.0,0.0,0.0,0.0,0.7466666666666667,0.16133333333333333,6.695,0.44633333333333336,1758,1242,842,576,200,0.03323293350001222,0.0
7,linear_gaussian,strong,0.1,6,0.22801897117840203,0.0,0.0,0.0,0.0,0.7088095238095238,0.14238095238095239,7.78,0.37047619047619046,2741,1459,921,603,200,0.04123297750003985,0.0
8,linear_gaussian,strong,0.1,7,0.27414409810935103,0.0,0.0,0.0,0.0,0.69125,0.11714285714285715,8.94,0.3192857142857143,3914,1686,1043,660,200,0.05567278700007591,0.0
9,linear_gaussian,strong,0.1,8,0.3484593837535014,0.0,0.0,0.0,0.0,0.6381944444444444,0.10263888888888889,9.7,0.26944444444444443,5355,1845,1147,714,200,0.05714724500005105,0.0
10,linear_gaussian,strong,0.1,9,0.3478005865102639,0.0,0.0,0.0,0.0,0.6422222222222222,0.09422222222222222,11.41,0.25355555555555553,6820,2180,1328,820,200,0.0813721429999805,0.0
4,linear_gaussian,strong,0.2,3,0.28836424957841483,0.0,0.0,0.0,0.0,0.7266666666666667,0.13083333333333333,3.475,0.5791666666666667,593,607,500,390,200,0.02708500649999223,1.01
5,linear_gaussian,strong,0.2,4,0.2736935341009743,0.0,0.0,0.0,0.0,0.757,0.0885,5.255,0.5255,1129,871,683,486,200,0.018084527500013794,0.0
6,linear_gaussian,strong,0.2,5,0.27633668607728956,0.0,0.0,0.0,0.0,0.7563333333333333,0.06966666666666667,6.695,0.44633333333333336,1889,1111,842,576,200,0.03323293350001222,0.0
7,linear_gaussian,strong,0.2,6,0.37512953367875645,0.0,0.0,0.0,0.0,0.6833333333333333,0.058095238095238096,7.78,0.37047619047619046,2895,1305,921,603,200,0.04123297750003985,0.0
8,linear_gaussian,strong,0.2,7,0.4418377321603128,0.0,0.0,0.0,0.0,0.6326785714285714,0.04446428571428571,8.94,0.3192857142857143,4092,1508,1043,660,200,0.05567278700007591,0.0
9,linear_gaussian,strong,0.2,8,0.5054905490549055,0.0,0.0,0.0,0.0,0.5681944444444444,0.041805555555555554,9.7,0.26944444444444443,5555,1645,1147,714,200,0.05714724500005105,0.0
10,linear_gaussian,strong,0.2,9,0.515713476783692,0.0,0.0,0.0,0.0,0.5576666666666666,0.03755555555555556,11.41,0.25355555555555553,7064,1936,1328,820,200,0.0813721429999805,0.0
