replicate,theta_hat,se_theta,z,z_bias_corrected,wald_reject,critical_reject,bias_corrected_reject
0,0.04769667246819375,0.010971953543698482,-0.2099286624421703,-0.1549515505441388,False,False,False
1,0.06870518557324605,0.01549936262920064,1.206835791944481,1.2457539289119641,False,False,False
2,0.02772813380961664,0.008578156517271477,-2.5963464464119563,-2.526027571197054,True,True,True
3,0.05360244309390689,0.01160599078923279,0.3103951363849931,0.36236883933429465,False,False,False
4,0.055623427703772176,0.014448078173656355,0.3892163121061699,0.43096624662768707,False,False,False
5,0.022841399932476785,0.008105863598393867,-3.350488166727176,-3.276072120813026,True,True,True
6,0.05629800320675011,0.012110606835654965,0.5200402665379318,0.5698483666519581,False,False,False
7,0.06146590245142203,0.013265269726664839,0.8643550178534355,0.9098276188740838,False,False,False
8,0.044334025699780184,0.01173066391423322,-0.48300542421517134,-0.4315840961367134,False,False,False
9,0.06493146474829821,0.013690736039204194,1.0906254203967645,1.1346848716917572,False,False,False
10,0.0704887050625459,0.013652353228221765,1.5007453088887426,1.5449286308134182,False,False,False
11,0.04798468160476046,0.01159461137258804,-0.1738150879299117,-0.12179037590394304,False,False,False
12,0.06574082319935981,0.013470822654946537,1.16851239174912,1.2132911207965555,False,False,False
13,0.06274077434295473,0.01441455037565068,0.8838828829844514,0.9257299265613963,False,False,False
14,0.06732250009057117,0.014271603357762596,1.2137739296929893,1.256040120995441,False,False,False
15,0.0532710448899825,0.013188881823439897,0.2480153309258594,0.29375130201022137,False,False,False
16,0.037845888538330125,0.008675308174187858,-1.4010005428778545,-1.3314691434623653,False,False,False
17,0.06336904683306849,0.013007308147220936,1.0278104187087191,1.0741848346051233,False,False,False
18,0.06056058034824142,0.014731474044375126,0.7168719380307857,0.7578187106276689,False,False,False
19,0.07028180213475758,0.015002145858117493,1.3519267394526313,1.3921347419221937,False,False,False
20,0.03197736671674603,0.00892151382361053,-2.0201317444083977,-1.9525191923641978,True,False,True
21,0.06735190380611203,0.012985653542716113,1.3362364665769957,1.3826882154803273,False,False,False
22,0.042853918606605694,0.010396059371021192,-0.6873836651331434,-0.6293610725156619,False,False,False
23,0.0541306018190152,0.012449396958893695,0.33179131749545104,0.38024397104193397,False,False,False
24,0.07726592510941985,0.0141002053730033,1.9337253882573973,1.9765053550560956,False,False,False
25,0.06913287278829584,0.012973071878711117,1.4748143668033622,1.5213111659694707,False,False,False
26,0.04969813307259378,0.013653097442036983,-0.02210977609203885,0.022071137453240772,False,False,False
27,0.0727837396339809,0.013883196490852269,1.6411018636085177,1.6845505260335851,False,False,False
28,0.043090456407261966,0.010627793093971395,-0.6501390770071981,-0.5933816380564828,False,False,False
29,0.0335075049118667,0.0100837486232423,-1.6355519861055752,-1.5757323356710564,False,False,False
30,0.07250170951821809,0.01317851726740064,1.7074538099881682,1.75322575120678,False,False,False
31,0.06984241975810601,0.01613014351335963,1.2301452706649338,1.2675414858450598,False,False,False
32,0.048691837621765134,0.010185369265032726,-0.12843543952067657,-0.06921261686045403,False,False,False
33,0.0650747740308805,0.014688595661719372,1.0262910340821456,1.0673573369203366,False,False,False
34,0.048062172516676875,0.01264777436786543,-0.15321489986780779,-0.10552221495997939,False,False,False
35,0.04791261260421529,0.01136081633267682,-0.18373568717776168,-0.13064035493680926,False,False,False
36,0.06282894890697259,0.013584396502130395,0.9443885788345965,0.9887929303725778,False,False,False
37,0.048307225599537734,0.012533552181903005,-0.13505942895474105,-0.08693210567420497,False,False,False
38,0.04801053264953273,0.012977805972307726,-0.15329766485278296,-0.10681782696654497,False,False,False
39,0.06342171631078684,0.014569366812746993,0.9212285258027787,0.9626308959582315,False,False,False
40,0.0468092637744783,0.011881326505795778,-0.26855050435363814,-0.2177812306182798,False,False,False
41,0.052417805989837495,0.01321828686322979,0.18291371755316246,0.22854794564590378,False,False,False
42,0.05540822672180868,0.013033283558169703,0.41495504165706715,0.4612370330692623,False,False,False
43,0.06620579648694999,0.01352671561824496,1.1980584899035993,1.2426521913412414,False,False,False
44,0.05516416453975417,0.012571821684644232,0.4107729706397203,0.4587537909888266,False,False,False
45,0.0396517545367791,0.012406015051822943,-0.8341313000180772,-0.7855092150703986,False,False,False
46,0.04910404952778713,0.013158706555618023,-0.06808803497714237,-0.02224718313031861,False,False,False
47,0.0516793404208901,0.01322661858361849,0.12696672322357597,0.17257220537295925,False,False,False
48,0.05154231690414419,0.01245199565059222,0.12386102175283302,0.17230356338536448,False,False,False
49,0.04406990531660646,0.01094487212062288,-0.5418148899355121,-0.4867017455274269,False,False,False
50,0.07579535701564676,0.014588408436348805,1.7682091318045678,1.8095574612226666,False,False,False
51,0.051349371491393826,0.012820131313857265,0.10525410842986369,0.15230560134709376,False,False,False
52,0.03702693809416583,0.010097948480013757,-1.2847225286909465,-1.2249869973693317,False,False,False
53,0.049284219525718216,0.01122405298119209,-0.06377201492911741,-0.01002972426791913,False,False,False
54,0.04218630432539336,0.01077843345445724,-0.7249379705893552,-0.6689737787371088,False,False,False
55,0.031937638663280477,0.010144579764981669,-1.780493796211199,-1.721032849411398,True,False,True
56,0.07678443255289506,0.014944184267703763,1.7922980654607923,1.832662016206202,False,False,False
57,0.059414769033794126,0.013548955604247643,0.6948704615167949,0.7393909644493462,False,False,False
58,0.03605527245092647,0.011258314343489671,-1.238615935176595,-1.1850371933411685,False,False,False
59,0.06262595222479653,0.01337325137415505,0.9441198607241658,0.9892252955085336,False,False,False
60,0.05390659089025253,0.011274728333939507,0.34649091087124423,0.39999165162932754,False,False,False
61,0.05564882654392878,0.013014126084545436,0.434053466766154,0.48040358768808317,False,False,False
62,0.057755340412530935,0.013274978240659563,0.5842073916759664,0.6296467367940148,False,False,False
63,0.06653223723063052,0.014198044907295735,1.164402376424049,1.2068875440404692,False,False,False
64,0.09444771103573715,0.017355378135514837,2.5610338587081807,2.595790019766841,False,False,False
65,0.053133342823503134,0.010734561527292472,0.2918929492869039,0.3480858656140655,False,False,False
66,0.044414566070347654,0.011913208233316784,-0.46884380934700537,-0.4182104026358751,False,False,False
67,0.052178608710778306,0.012980165443837864,0.1678413669074275,0.21431275591412755,False,False,False
68,0.04626837803976504,0.012536857552976038,-0.2976520985794515,-0.24953746417741007,False,False,False
69,0.061116926170078245,0.013195027627969726,0.8425087452271417,0.8882234140189893,False,False,False
70,0.04384566234111818,0.00970626609375009,-0.6340582052293648,-0.5719121325907504,False,False,False
71,0.030405884623380966,0.009108460772864516,-2.1511994029762826,-2.08497456732579,True,True,True
72,0.05196800462152785,0.011728072852650437,0.1678028987586903,0.21923558725666423,False,False,False
73,0.06856713977523392,0.013269798727612862,1.399202818095343,1.4446598992533808,False,False,False
74,0.03825632079576564,0.00979118219598272,-1.1994138163471972,-1.1378067186915732,False,False,False
75,0.06371622107744841,0.013475082759772165,1.0178951270263161,1.0626596994200903,False,False,False
76,0.0476836224799525,0.010817718351787796,-0.21412810397903198,-0.15836714791640485,False,False,False
77,0.07081055589946637,0.018564462162166537,1.1209888936010903,1.153481422199157,False,False,False
78,0.04036478280321639,0.010419434581661464,-0.9247351304207908,-0.8668427070858838,False,False,False
79,0.058696397030034785,0.012664536737880832,0.6866731259125359,0.7343026863296704,False,False,False
80,0.04555063746427106,0.011837665243486856,-0.3758648723553834,-0.32490834458536544,False,False,False
81,0.04376043409748237,0.010715890449787956,-0.5822722742225402,-0.525981448878777,False,False,False
82,0.047079154900740085,0.011433123657526955,-0.255472186495332,-0.20271264887633703,False,False,False
83,0.049617655244729233,0.011998073952640492,-0.03186717774702699,0.018408084773684746,False,False,False
84,0.06070848660415686,0.0132872130364464,0.8059242050822715,0.8513217098906416,False,False,False
85,0.04296824801646433,0.010804272327048317,-0.6508306872209985,-0.5950003360920476,False,False,False
86,0.05575772115701463,0.011925340112360686,0.4828139996650252,0.5333958960326338,False,False,False
87,0.0199420793875721,0.006329806567510989,-4.74863177758168,-4.653335608373605,True,True,True
88,0.04466210154598869,0.010704604601002705,-0.4986544251724451,-0.44230425249484695,False,False,False
89,0.049820873846373896,0.01162268897900621,-0.015411765207660457,0.036487267692684004,False,False,False
90,0.05481124924459522,0.013073382971869692,0.36801868766085216,0.4141587203524552,False,False,False
91,0.069252464870939,0.01448825317030242,1.3288327201792771,1.3704668848105481,False,False,False
92,0.05256618900113682,0.012697090170549537,0.20210843324472902,0.2496158786207594,False,False,False
93,0.049966907917681574,0.011607995761966815,-0.0028508006891985035,0.04911392518434965,False,False,False
94,0.04969334287909918,0.011745885323335425,-0.026107620878231586,0.02524707066754153,False,False,False
95,0.04293734876983323,0.010805444655908769,-0.6536196755498334,-0.5977953816942296,False,False,False
96,0.06687559596910747,0.01416334390038909,1.1914980027169904,1.2340872614368423,False,False,False
97,0.08440526626359648,0.016059482210356957,2.142364605093438,2.179925362645316,False,False,False
98,0.043072119537735265,0.010860823005835117,-0.6378780372852633,-0.5823383864330365,False,False,False
99,0.03657990792808358,0.01098381900078711,-1.2218056461923426,-1.1668879242534898,False,False,False
100,0.04841110229104048,0.01257821262571761,-0.12632142230692117,-0.07836498082662775,False,False,False
101,0.04957963291493924,0.012550874949424055,-0.03349305022595672,0.01456784753158127,False,False,False
102,0.04031621710702598,0.011443576320193717,-0.8462199772186336,-0.7935086306225982,False,False,False
103,0.033010694586762424,0.010901614355884917,-1.5584210611950697,-1.5030892270262806,False,False,False
104,0.05374014410729581,0.013418026114864255,0.2787402614422205,0.3236951834663842,False,False,False
105,0.05102435847153199,0.012325328154598404,0.08311003639686596,0.13205042241708456,False,False,False
106,0.03542518797368498,0.009745070983129357,-1.495608605781005,-1.4337099989102924,False,False,False
107,0.04185107110609204,0.011386616247184879,-0.7156585167189267,-0.6626834884385939,False,False,False
108,0.045652924377961014,0.011292131752179997,-0.38496501080938644,-0.3315467253208681,False,False,False
109,0.045890457659693636,0.01162260230138307,-0.3535819460859758,-0.3016825261393659,False,False,False
110,0.030944899867677386,0.009450625162237379,-2.016279325992381,-1.9524521920878224,True,False,True
111,0.04458905116804931,0.011150568430392931,-0.48526215194573896,-0.4311656884804537,False,False,False
112,0.043796253220524904,0.011095990284219167,-0.5590980724179375,-0.5047355232212425,False,False,False
113,0.03931076542960279,0.012493854455237513,-0.8555593959169431,-0.8072791538288783,False,False,False
114,0.05170026532786751,0.012101702046523402,0.14049803253551144,0.19034278291797557,False,False,False
115,0.039870730951360185,0.01032553710147005,-0.9809919764074753,-0.9225730959381934,False,False,False
116,0.05509712468243988,0.013841994114513386,0.3682362989228207,0.4118142915676413,False,False,False
117,0.03632141309818106,0.010068842899015521,-1.3585063387130973,-1.298598132401636,False,False,False
118,0.04906344244661753,0.012252077527287322,-0.0764407139357882,-0.027207731499260347,False,False,False
119,0.047046327886167555,0.013016481640118888,-0.22691785656799573,-0.18057612349530922,False,False,False
120,0.059059464611625555,0.013996197886519297,0.6472804032266039,0.690378273276934,False,False,False
121,0.0524126552623502,0.011777611783189411,0.2048509754578481,0.2560673280441077,False,False,False
122,0.04091597868414973,0.011128251780786125,-0.8163026407736937,-0.7620976920005719,False,False,False
123,0.04450007930348637,0.010487948431609747,-0.5244038652914574,-0.4668896315358924,False,False,False
124,0.07999110438087882,0.015254917450978275,1.9659958486996292,2.0055376108658507,False,False,False
125,0.055257971831014725,0.012075064134778853,0.435440488955301,0.4853951981791259,False,False,False
126,0.07994833935020391,0.015763003726799264,1.8999132315935214,1.9381804507204439,False,False,False
127,0.0325565362952078,0.010027660784802148,-1.7395346810324293,-1.6793804406111608,True,False,True
128,0.05335792735079375,0.012791937899490019,0.2625034124757295,0.30965860682169033,False,False,False
129,0.050697982161277744,0.010787092320971142,0.06470531080194768,0.12062457984715863,False,False,False
130,0.044484825335886366,0.011977658397497567,-0.46045516419685967,-0.41009420901734484,False,False,False
131,0.03747480018602802,0.009710807620850439,-1.2898206104998573,-1.2277036021866923,False,False,False
132,0.042670120976961344,0.011569937894599985,-0.6335279488803236,-0.5813922915235588,False,False,False
133,0.06129347522145805,0.013331668108528531,0.8471164395574318,0.8923625642585133,False,False,False
134,0.028266515635511563,0.009102658716980235,-2.3875974086501204,-2.3213303611350153,True,True,True
135,0.02524532151264865,0.008060658664289752,-3.071049093918252,-2.996215715799386,True,True,True
136,0.033254658376392965,0.010694500252257846,-1.5657900068843074,-1.509386593589276,False,False,False
137,0.031995474866421875,0.008322971988626401,-2.1632326959867063,-2.0907578254072767,True,True,True
138,0.055585126821105814,0.011711205984925968,0.4769044988444986,0.5284112624082451,False,False,False
139,0.061666295990436305,0.013196854249315474,0.8840209772750531,0.9297293185445797,False,False,False
140,0.0430479393452581,0.011871021607154116,-0.5856328869414421,-0.5348195418331837,False,False,False
141,0.043105288859175354,0.010155158912481055,-0.6789368044601253,-0.6195378011643174,False,False,False
142,0.042406884326019044,0.010871001942180485,-0.6984743185923805,-0.6429866716468475,False,False,False
143,0.040371985670659354,0.010801808501794647,-0.8913335510198149,-0.8354904653354412,False,False,False
144,0.0349084213470268,0.010157737454702886,-1.4857224574145713,-1.4263385325590772,False,False,False
145,0.04855388884787299,0.011707756280160218,-0.12351736041666411,-0.07199542032178032,False,False,False
146,0.05617323586384058,0.01481932474040322,0.4165666096114314,0.4572706449354796,False,False,False
147,0.053678212927557215,0.014587398011933943,0.2521500355682396,0.2935012290585682,False,False,False
148,0.03394607844348591,0.00918305121519445,-1.7482121334520022,-1.6825252170255929,True,False,True
149,0.04771386792787295,0.011911843541091432,-0.19192092846424189,-0.14128172088641594,False,False,False
150,0.04260002525985637,0.011517730462222719,-0.6424854935106343,-0.5901135162629999,False,False,False
151,0.046865846587727335,0.011748793001430922,-0.26676386347865266,-0.21542188157136669,False,False,False
152,0.06170273457167869,0.014216568494697306,0.8231757597512886,0.8656055709913856,False,False,False
153,0.05464543692335143,0.012677157659296426,0.36644152011037184,0.41402366225321807,False,False,False
154,0.04461677883379377,0.010079244740851888,-0.5340897363457855,-0.47424335566737247,False,False,False
155,0.030021387776428238,0.009778878064981913,-2.0430372575270184,-1.9813526436374158,True,False,True
156,0.037488058441748656,0.009028897585246609,-1.3857662510975977,-1.318957838219201,False,False,False
157,0.05668593374581898,0.011974188591712386,0.5583621549477235,0.6087377034111415,False,False,False
158,0.05199901394055887,0.012052911226364347,0.1658532036796435,0.21589972823982365,False,False,False
159,0.057307322738499894,0.013252463634548258,0.5513935325542192,0.5969100745607482,False,False,False
160,0.03843286416367398,0.010908577537465984,-1.0603706850501993,-1.005074170390962,False,False,False
161,0.05130685352562383,0.012540866650083136,0.10420759283132658,0.15230684582098464,False,False,False
162,0.045037593314440266,0.01075611666379318,-0.46135671829071884,-0.405276411934206,False,False,False
163,0.040781017884821656,0.011472280147190567,-0.8035876039373021,-0.7510081419669951,False,False,False
164,0.03830493054506219,0.010125789825727665,-1.1549784911812917,-1.0954072055735966,False,False,False
165,0.04012744468505386,0.012362518846113687,-0.7985876857166293,-0.7497945291422683,False,False,False
166,0.06991365485160414,0.012985784467862442,1.533496486168161,1.5799477667361344,False,False,False
167,0.036153433228392165,0.00994733787521565,-1.3919871774042516,-1.3313472026412714,False,False,False
168,0.04125720506077073,0.011635592079449492,-0.7513837610954576,-0.6995422807828843,False,False,False
169,0.035230359844886316,0.008428173597217615,-1.752412902362331,-1.6808426729699213,True,False,True
170,0.05307497562201715,0.013033908299954763,0.23592122571767818,0.2822009987397124,False,False,False
171,0.04767856794700839,0.012163426399208924,-0.19085346322666027,-0.1412616543140709,False,False,False
172,0.04351707859172116,0.01211006919519797,-0.5353331433357564,-0.4855228319338113,False,False,False
173,0.03867320432787073,0.01006616321044831,-1.1252346534946374,-1.0653104991668187,False,False,False
174,0.06068010985297595,0.011747261316856375,0.9091574252843808,0.9605061014942445,False,False,False
175,0.0417774401926057,0.010634320097399994,-0.7732097333993785,-0.7164871303380512,False,False,False
176,0.03986805088714185,0.009780055751324677,-1.0359807112025732,-0.974303525197758,False,False,False
177,0.027665910368874693,0.009116204013672908,-2.449933063984483,-2.383764479252593,True,True,True
178,0.02748511688152476,0.00883774297770759,-2.5475829264629,-2.479329491255127,True,True,True
179,0.05545503810227918,0.014443874397711245,0.37767138871988376,0.41943347423119903,False,False,False
180,0.04477697613258558,0.011544894268280622,-0.4524098485479061,-0.40016109652865095,False,False,False
181,0.03350271801352372,0.012784213917493556,-1.290441640991463,-1.2432579563625237,False,False,False
182,0.03132041116722966,0.009309375439990678,-2.006535127214619,-1.9417395540206648,True,False,True
183,0.06869871490685014,0.014104958486543367,1.3256837958572782,1.3684493465880647,False,False,False
184,0.048261980879236506,0.012610495543470797,-0.13782322151990073,-0.08998954871675463,False,False,False
185,0.05820804903397956,0.012216381262642649,0.6718887416423013,0.7212655828478474,False,False,False
186,0.057021180357417656,0.013199463794228405,0.5319292106765529,0.5776285153691929,False,False,False
187,0.037230531613016656,0.010293799887438079,-1.2405009351858902,-1.1819019411984482,False,False,False
188,0.03711133252028414,0.01028989428201644,-1.2525558695234873,-1.193934633854805,False,False,False
189,0.06380533487135094,0.01327448494659526,1.03999024646842,1.0854312801611539,False,False,False
190,0.04734555515592807,0.012479733568046523,-0.21270044184825027,-0.16436557040064328,False,False,False
191,0.04336807107001667,0.011152560893945717,-0.5946552538963089,-0.540568455048219,False,False,False
192,0.059113280153046864,0.01272917760686537,0.7159362870490309,0.7633239766815945,False,False,False
193,0.058820031223669016,0.012764739711977655,0.6909683567924877,0.7382240260284144,False,False,False
194,0.05926611663076811,0.014148850055867069,0.6549024545585421,0.6975353410002063,False,False,False
195,0.04161841609434218,0.010892492117388075,-0.7694826689181626,-0.714104495474365,False,False,False
196,0.039797589690688764,0.011145727578203469,-0.91536512423496,-0.8612451654005505,False,False,False
197,0.03932769196644064,0.009369628932646264,-1.139032090841316,-1.0746532000604674,False,False,False
198,0.060389717927325455,0.013665125902815581,0.7603089793109583,0.8044510034680595,False,False,False
199,0.05279551670715713,0.011759145546814918,0.2377312786909354,0.2890280600183252,False,False,False
200,0.04554906329171221,0.011228051564957854,-0.39641220763350665,-0.3426890559163834,False,False,False
201,0.04417634043023018,0.010743417214916357,-0.5420677102332159,-0.4859211131454279,False,False,False
202,0.03783130344689479,0.010507704308020381,-1.1580737520199365,-1.100667652644691,False,False,False
203,0.053733688093460553,0.013464950823072815,0.2772893969328654,0.32208765320858035,False,False,False
204,0.058642899370879166,0.013240323363216957,0.6527710187872049,0.6983292956634092,False,False,False
205,0.05164390992976918,0.012242383716482699,0.1342802159971409,0.1835521822809439,False,False,False
206,0.03891131766703948,0.010642543088412807,-1.041920360654537,-0.9852415844728684,False,False,False
207,0.06250263713975496,0.013465587626406456,0.9284880457230753,0.9732841834370359,False,False,False
208,0.05005942355734395,0.01095742683686054,0.005423130651810076,0.06047312794522039,False,False,False
209,0.06446311247608787,0.015368737799090084,0.9410735393601524,0.9803224565840271,False,False,False
210,0.038279367910184,0.010756829536036544,-1.0895991286791908,-1.0335225388539913,False,False,False
211,0.04856720938094561,0.012236231823305289,-0.11709410541940554,-0.06779736714062926,False,False,False
212,0.037844860525377694,0.009484026049710494,-1.2816434087075659,-1.2180410615028863,False,False,False
213,0.03762581842689398,0.009020214773333554,-1.3718278205179546,-1.3049550982081521,False,False,False
214,0.045028289678166356,0.011528385698195791,-0.4312581528749274,-0.37893458099735594,False,False,False
215,0.030460567559693688,0.008433815813889925,-2.3167962013263543,-2.245273852365582,True,True,True
216,0.08369035630682246,0.014151825860638902,2.3806367205610504,2.4232606422833807,False,False,False
217,0.04069124054536615,0.01199327774784142,-0.7761647524847213,-0.7258693844965596,False,False,False
218,0.09569659775505467,0.017255214668665274,2.6482775573947346,2.6832354718162406,False,False,False
219,0.04025786243634253,0.010063647299966175,-0.9680523644434773,-0.9081132290850729,False,False,False
220,0.04672357199591505,0.01214847463877283,-0.26969871539493284,-0.22004587126035044,False,False,False
221,0.04739165493335732,0.01128887756561704,-0.23105442073240454,-0.17762073662999897,False,False,False
222,0.03400370349452216,0.009846392517777226,-1.6245844837687746,-1.56332282711403,False,False,False
223,0.051657998656901336,0.011756053363010784,0.14103361100061484,0.19234388487278364,False,False,False
224,0.04769257110747459,0.012276890153730234,-0.18794897271474906,-0.13881549427203163,False,False,False
225,0.0651762706873632,0.014445676835268779,1.0505752593267692,1.0923321340367995,False,False,False
226,0.07228038869453646,0.014610258455630284,1.5249825156891985,1.566269007611554,False,False,False
227,0.04528055920011738,0.010493518964686215,-0.44974815557726,-0.3922644535186959,False,False,False
228,0.017037431613553988,0.007459703581421803,-4.4187504270998685,-4.337888458373098,True,True,True
229,0.04098828277978393,0.01176850115190593,-0.7657489347109089,-0.7144929327845954,False,False,False
230,0.05989501822364281,0.012983649265130681,0.7621137957120571,0.8085727153419877,False,False,False
231,0.03189793057569722,0.009544759375621178,-1.896545393332631,-1.8333477480098377,True,False,True
232,0.03986196896861358,0.009929695531963552,-1.020981056141373,-0.9602333407889534,False,False,False
233,0.03662659196748626,0.01120895289893056,-1.1931005646200632,-1.1392858753131374,False,False,False
234,0.04172785825227381,0.009680424656265297,-0.8545226104696091,-0.792210641818367,False,False,False
235,0.0624251815657683,0.01286079033470712,0.9661289269475725,1.0130316679155253,False,False,False
236,0.036075128254642264,0.009843426570880226,-1.414636625273524,-1.3533565097194162,False,False,False
237,0.06987961687937512,0.014661431746097828,1.3559123845231635,1.3970547728081595,False,False,False
238,0.050022493197556674,0.011546820473743582,0.001947999244278399,0.05418803528567616,False,False,False
239,0.06558611538997097,0.013415513643637024,1.1617978859395712,1.2067612271678818,False,False,False
240,0.05640557461389468,0.012265837388410982,0.5222288875235535,0.5714066402207999,False,False,False
241,0.06802814699944473,0.01392784434653022,1.2943960709853854,1.3377054520140572,False,False,False
242,0.061234224147405536,0.014114144240703577,0.7959550331792214,0.8386927512742609,False,False,False
243,0.05249574059439601,0.011049189198489726,0.22587545109075893,0.28046826390949176,False,False,False
244,0.047373965131322894,0.01186938913379259,-0.2212443150255046,-0.17042398123136152,False,False,False
245,0.044006140022638626,0.011507345823026269,-0.5208724991446443,-0.4684532595572761,False,False,False
246,0.03926179467705157,0.011105902295427633,-0.966891751548131,-0.9125777208943355,False,False,False
247,0.04394675735750035,0.011086861265852814,-0.5459834390769774,-0.4915761272826312,False,False,False
248,0.06126007144254919,0.013022660441775821,0.8646521571297087,0.9109719026539695,False,False,False
249,0.05758394716572931,0.013807768803837791,0.5492521835693969,0.5929381929660965,False,False,False
250,0.030644937718457884,0.008699592734853054,-2.22482395112592,-2.155486645794913,True,True,True
251,0.041487544789184885,0.011778996177259703,-0.7226808704844556,-0.6714705373937248,False,False,False
252,0.040511219878218284,0.00984778233547219,-0.9635448671121287,-0.90229185631607,False,False,False
253,0.035762902214117494,0.00977594050424088,-1.456340469718115,-1.3946373202922118,False,False,False
254,0.04826971974507452,0.010903499653529516,-0.1586903572162158,-0.10336809034049271,False,False,False
255,0.06122460456970328,0.013256675208566856,0.8467134023506592,0.8922154839979567,False,False,False
256,0.04623026329729843,0.011736501937452326,-0.32119763817121477,-0.2698018883194618,False,False,False
257,0.05765842108622434,0.012680524331301356,0.6039514523322856,0.6515209614434289,False,False,False
258,0.04933110688913312,0.012566569305818903,-0.05322798089030977,-0.005227106265554242,False,False,False
259,0.05520924262934228,0.013090844864627874,0.3979302087230377,0.44400869517289304,False,False,False
260,0.05496081409093431,0.012274238514095098,0.4041647133740776,0.45330880626580555,False,False,False
261,0.036666750057997737,0.01242035738191707,-1.0734997014992729,-1.0249337626004351,False,False,False
262,0.04341429211131699,0.011241419326624834,-0.5858430948381258,-0.5321838281400812,False,False,False
263,0.04819870349218966,0.012282015787072578,-0.1466613086189236,-0.09754833496953143,False,False,False
264,0.051859699344073945,0.016338643069715934,0.11382214154129724,0.15074113873941655,False,False,False
265,0.04665924245765129,0.01219649241154682,-0.2739113369337162,-0.22445397678803705,False,False,False
266,0.0658394719127961,0.012524907327998654,1.2646378530392746,1.312798394424158,False,False,False
267,0.08855472471003648,0.017273942027610303,2.2319586721092044,2.266878687282797,False,False,False
268,0.023306027374532644,0.008464660203316073,-3.1535787597250344,-3.082317031170874,True,True,True
269,0.041535750476001394,0.010686453309394666,-0.7920541342334341,-0.7356082489384855,False,False,False
270,0.050163484511468785,0.011231997843509747,0.014555247761487927,0.06825952425050708,False,False,False
271,0.04477812174264694,0.010892037620526542,-0.4794216141442804,-0.4240411299109957,False,False,False
272,0.04658124429038684,0.010492697743897376,-0.3258223760044488,-0.26833417493025474,False,False,False
273,0.033755966674964104,0.009241046126795929,-1.7578132499451182,-1.692538571144109,True,False,True
274,0.05500883436312634,0.013183675108241057,0.3799270174668775,0.4256810513579928,False,False,False
275,0.051723331049311504,0.011221807347356677,0.15356983023928278,0.20732287545209344,False,False,False
276,0.04173809953221005,0.011227284578093622,-0.7358769977123725,-0.682150175922456,False,False,False
277,0.036543779212600117,0.009913053323813283,-1.3574244330024083,-1.296574733317763,False,False,False
278,0.040269317676943195,0.011553851901797653,-0.8422024451899734,-0.7899942013212717,False,False,False
279,0.060304511985572996,0.013662834696410974,0.7542001505939201,0.7983495772037852,False,False,False
280,0.06956234556457068,0.014931360963543472,1.3101515402604125,1.350550156246237,False,False,False
281,0.041134944752556385,0.010211478443106275,-0.8681461060546407,-0.8090747070331664,False,False,False
282,0.038713121868082005,0.010318305664513503,-1.0938693327079452,-1.0354095102017709,False,False,False
283,0.040711681636475955,0.01229117607943949,-0.7556899603009852,-0.7066135892675453,False,False,False
284,0.055016052835237104,0.012466199862008913,0.4023722458135507,0.45075959114644576,False,False,False
285,0.04858306687863775,0.01240766070041194,-0.11419824861226363,-0.06558261249224243,False,False,False
286,0.041952873208783416,0.011765092355642688,-0.683983308244672,-0.6327124554984452,False,False,False
287,0.034225095212665056,0.011320308214736782,-1.3935048841514024,-1.3402195577919434,False,False,False
288,0.05808553294048258,0.013625389832927283,0.5934166317166928,0.6376873883782159,False,False,False
289,0.044256076528667455,0.011530720599355134,-0.4981408943040196,-0.4458279176331904,False,False,False
290,0.027187561468765175,0.008295511589499514,-2.749973679756037,-2.6772588976471847,True,True,True
291,0.053363537469416404,0.011716258143052195,0.28708290892438193,0.3385674622985852,False,False,False
292,0.0259107563709175,0.008297351018852326,-2.903245092843436,-2.830546430783536,True,True,True
293,0.07687871253074634,0.01515707838863685,1.7733439018760442,1.8131409064336073,False,False,False
294,0.05673820588247733,0.013138704788526483,0.5128516083534761,0.5587622462299485,False,False,False
295,0.04757837720634235,0.011526684858714782,-0.21008840124806372,-0.15775710867734175,False,False,False
296,0.044876576673352604,0.012728577390406556,-0.4025134286027038,-0.3551235044021763,False,False,False
297,0.05326549803475007,0.01415081504252074,0.230763954227217,0.27339092065278214,False,False,False
298,0.047861076390554966,0.012140949865272992,-0.17617432187600446,-0.12649070367432835,False,False,False
299,0.041164201477575546,0.010540310294258063,-0.8382863763733639,-0.7810578602412993,False,False,False
