variables,sample_size,density,arm,replications,false_connection_share,false_share_exact_low,false_share_exact_high,false_share_boot_low,false_share_boot_high,false_edges_per_network,false_positive_rate,strong_recovery,weak_recovery,blank_given_strong_truth,stability_strong,stability_weak,runtime_seconds,explore_matched_fc_curved,explore_straight_matched_fc_curved,baseline_matched_fc_curved,explore_matched_fc_straight,explore_straight_matched_fc_straight,baseline_matched_fc_straight,explore_matched_density_curved,explore_straight_matched_density_curved,baseline_matched_density_curved,explore_matched_density_straight,explore_straight_matched_density_straight,baseline_matched_density_straight,pass_1_false_connections,pass_2_recovery,pass_3_blank,pass_4_stability,pass_5_beats_baseline,pass_6_beats_straight_on_curved,pass_7_holds_on_straight,eligible
12,75,moderate,linear,500,0.14781401804302569,0.1373590738349502,0.15874718972885898,0.13844668755093972,0.15739889705882354,1.278,0.030428571428571426,0.983,0.22148484848484845,0.0,1.0,0.3333333333333333,2.8163081844998032,,,,0.276,0.35666666666666663,0.26483333333333337,,,,0.5549166666666666,0.65475,0.6535833333333333,False,True,True,True,True,True,True,False
12,100,moderate,linear,500,0.1278415015641293,0.1185147149906785,0.13762396584991923,0.11891498556880344,0.13674535789118308,1.226,0.02919047619047619,0.9886666666666667,0.26716017316017315,0.0,1.0,0.4,3.876465465000109,,,,0.334,0.39975,0.29816666666666664,,,,0.5751666666666666,0.6734166666666667,0.6745833333333333,False,True,True,True,True,True,True,False
12,150,moderate,linear,500,0.12678758283920474,0.11827960383367625,0.13567726728629062,0.11931284177694133,0.13483751897290452,1.454,0.03461904761904761,0.9986666666666667,0.3429220779220779,0.0,1.0,0.5,3.8600625600001877,,,,0.3983333333333334,0.457,0.333,,,,0.6160833333333332,0.7055,0.70825,False,True,True,True,True,True,True,False
12,250,moderate,linear,500,0.1387649345041025,0.13071656262575507,0.1471177632497117,0.1303960857283255,0.1469117314633361,1.928,0.0459047619047619,0.9976666666666667,0.4356147186147186,0.0,1.0,0.6153846153846154,3.3261741104999203,,,,0.4661666666666666,0.5120833333333332,0.3825833333333334,,,,0.6594166666666667,0.72625,0.7408333333333332,False,True,True,True,True,True,True,False
15,75,moderate,linear,500,0.10790144435004248,0.09785419818943927,0.11860292935292227,0.09826197575605657,0.11741713959175472,0.762,0.01016,0.9693333333333333,0.13421693121693118,0.0,1.0,0.25,5.79291492849984,,,,0.22213333333333332,0.2901333333333333,0.19860000000000003,,,,0.4191333333333333,0.5841333333333332,0.6191333333333332,False,True,True,True,True,True,True,False
15,100,moderate,linear,500,0.09462010382255781,0.08597176535201533,0.1038317160606205,0.08570659355494585,0.10349819938314805,0.802,0.010693333333333334,0.9853333333333334,0.18230952380952378,0.0,1.0,0.3,5.307614600999841,,,,0.2870666666666667,0.35379999999999995,0.24866666666666665,,,,0.4675333333333333,0.6259333333333331,0.6526,True,True,True,True,True,True,True,True
15,150,moderate,linear,500,0.10441988950276243,0.09640821591651516,0.112859450591139,0.09614644152246811,0.11230443005358393,1.134,0.015120000000000001,0.998,0.2567169312169312,0.0,1.0,0.4166666666666667,4.437884050500088,,,,0.33879999999999993,0.4050666666666667,0.27220000000000005,,,,0.5182666666666667,0.663,0.6862666666666667,False,True,True,True,True,True,True,False
15,250,moderate,linear,500,0.10772532188841202,0.1005504557152839,0.11522919369788694,0.10050501704224751,0.11502105168856062,1.506,0.020079999999999997,0.999,0.35762433862433857,0.0,1.0,0.5625,4.405029839999543,,,,0.4335333333333333,0.49879999999999997,0.34586666666666666,,,,0.5909333333333333,0.7063333333333333,0.7331333333333333,False,True,True,True,True,True,True,False
12,75,sparse,linear,500,0.07860262008733625,0.06668879177379973,0.09188548989996982,0.0677678837743953,0.08957274575340035,0.288,0.005333333333333333,0.935,0.08220000000000002,0.0,1.0,0.0,2.3089792664999322,,,,0.31816666666666665,0.3888333333333333,0.3363333333333334,,,,0.43183333333333335,0.6038333333333333,0.6228333333333333,True,True,True,True,True,True,True,True
12,100,sparse,linear,500,0.08527870414483087,0.07367767524363204,0.09805255026386688,0.07458938656545663,0.09616363252921421,0.358,0.0066296296296296285,0.9803333333333334,0.12193333333333334,0.0,1.0,0.225,2.2263253304999466,,,,0.36233333333333334,0.4513333333333333,0.38683333333333336,,,,0.4818333333333334,0.6496666666666667,0.6653333333333333,True,True,True,True,True,True,True,True
12,150,sparse,linear,500,0.09591258599757184,0.08458369034126466,0.10820921334008421,0.0850259722184372,0.10634177384906927,0.474,0.008777777777777778,0.9956666666666666,0.18515555555555557,0.0,1.0,0.3333333333333333,2.075097793500049,,,,0.42016666666666663,0.5321666666666668,0.44433333333333325,,,,0.5433333333333332,0.7081666666666667,0.7091666666666666,True,True,True,True,True,True,True,True
12,250,sparse,linear,500,0.09745899002894821,0.0872553931777949,0.10842692771682381,0.08723413537113038,0.10767117589464022,0.606,0.011222222222222222,0.999,0.3071111111111111,0.0,1.0,0.5,1.8562754205001966,,,,0.5123333333333333,0.6198333333333332,0.5091666666666667,,,,0.6238333333333332,0.7513333333333333,0.7505,True,True,True,True,True,True,True,True
15,75,sparse,linear,500,0.06734816596512327,0.05577420631315513,0.0804758995304606,0.05646373571783408,0.07834928229665072,0.224,0.002488888888888889,0.8843333333333334,0.05333333333333333,0.0,1.0,0.0,3.254229578499803,,,,0.24733333333333332,0.33666666666666667,0.2844,,,,0.33293333333333336,0.5296,0.5786666666666667,True,True,True,True,True,True,True,True
15,100,sparse,linear,500,0.07116303770578863,0.05996027912809203,0.0837225240342087,0.05995662424093867,0.08150491095809193,0.268,0.002977777777777778,0.9556666666666667,0.06820512820512821,0.0,1.0,0.0,2.9797237394999456,,,,0.2821333333333334,0.3876,0.3290666666666667,,,,0.3664,0.5823999999999999,0.6214666666666666,True,True,True,True,True,True,True,True
15,150,sparse,linear,500,0.082675529705027,0.07197901557837567,0.09439992629615329,0.07187580543050964,0.0924716521707878,0.398,0.004422222222222222,0.9943333333333333,0.1366794871794872,0.0,1.0,0.25,2.563191091000135,,,,0.3494666666666667,0.4931999999999999,0.39733333333333337,,,,0.4476,0.6554666666666666,0.6877333333333332,True,True,True,True,True,True,True,True
15,250,sparse,linear,500,0.08106396453451552,0.07177783546287214,0.0911344328238037,0.07177635744491077,0.09071074013862516,0.512,0.005688888888888889,0.9973333333333334,0.24657692307692308,0.0,1.0,0.4,2.846842273500215,,,,0.4676,0.608,0.4866666666666667,,,,0.5429333333333333,0.7294666666666667,0.7465333333333333,True,True,True,True,True,True,True,True
12,75,moderate,mixed,500,0.1794871794871795,0.1678975538879226,0.19153156596913573,0.16867276847097534,0.18965599933846025,1.484,0.03533333333333333,0.9606666666666667,0.19795238095238096,0.0,1.0,0.2857142857142857,4.851853444500321,0.22160779446096446,0.23972822778580957,0.1894091079195703,0.2658285714285714,0.37834999999999996,0.29348968253968255,0.533782715663063,0.5834858612275089,0.5789019996126874,0.5781214285714286,0.6781753968253968,0.6830841269841269,False,True,True,True,False,False,False,False
12,100,moderate,mixed,500,0.15642583839747917,0.14586040005248066,0.1674449815368217,0.1466453622134043,0.16655761134040556,1.39,0.033095238095238094,0.9723333333333333,0.22942857142857145,0.0,1.0,0.3333333333333333,3.682739464500173,0.2567848809959727,0.277588074377575,0.20898127792885834,0.30989242424242425,0.42735757575757577,0.31253730158730153,0.552767390345106,0.6031757724828528,0.6005775100525774,0.5979943722943724,0.7087179653679654,0.7109402597402598,False,True,True,True,False,False,False,False
12,150,moderate,mixed,500,0.15693976805087917,0.1472849216564273,0.16697068016755467,0.14843018491434115,0.16523063327585452,1.678,0.03995238095238095,0.9916666666666666,0.29867965367965366,0.0,1.0,0.42857142857142855,2.787404587500191,0.31889991026532283,0.33450636332976486,0.23649126467152445,0.3692746753246753,0.4806139971139971,0.32769047619047614,0.5913908237658304,0.6383724027991122,0.6341610222378092,0.6252282106782107,0.730944227994228,0.7508181096681096,False,True,True,True,False,False,False,False
12,250,moderate,mixed,500,0.14997634442516952,0.14127184148004046,0.1590040919802586,0.1419401046803698,0.15784583083661433,1.902,0.04528571428571428,0.9993333333333334,0.3795844155844155,0.0,1.0,0.5555555555555556,4.135234532999448,0.4004885929452459,0.3926411212051137,0.2732752629304857,0.44521789321789323,0.5307647186147186,0.39294963924963927,0.6311378884990811,0.6670344079209405,0.6628504979682528,0.6532909812409812,0.7454022366522367,0.7557927128427129,False,True,True,True,False,True,False,False
15,75,moderate,mixed,500,0.14105642256902762,0.12940638470889798,0.15334020392773998,0.12953788546255507,0.15150718396637033,0.94,0.012533333333333334,0.9366666666666666,0.11654232804232803,0.0,1.0,0.2222222222222222,5.754872186500052,0.1793758313222063,0.19870249607180798,0.1524922524298489,0.19823896103896102,0.2989121212121212,0.21297200577200576,0.39638026949191396,0.5168054159950537,0.5415509603650832,0.4338626262626262,0.6153885281385281,0.6560673160173159,False,True,True,True,False,False,False,False
15,100,moderate,mixed,500,0.12708600770218229,0.11678034954386608,0.13795463372324837,0.11719965854656536,0.13662402257428435,0.99,0.0132,0.9696666666666668,0.15265343915343912,0.0,1.0,0.25,5.673152835500332,0.2199678099191111,0.24005992680684385,0.17535960348596347,0.23824603174603173,0.3511875180375181,0.2444023088023088,0.428408055467683,0.5391793250395617,0.56191932116447,0.4426392496392496,0.6313810245310244,0.6615334054834054,False,True,True,True,False,False,False,False
15,150,moderate,mixed,500,0.11739309210526316,0.10847592290737726,0.1267722856963963,0.10895340781021547,0.12611743924665653,1.142,0.015226666666666666,0.9946666666666667,0.21629629629629626,0.0,1.0,0.375,5.587175718999333,0.275294471797378,0.2896921684993539,0.19327185982252343,0.33301493506493507,0.44301572871572864,0.29930303030303024,0.47395648316172345,0.5857192487536195,0.608164000893589,0.5309879509379509,0.7046388888888889,0.7289589466089466,False,True,True,True,False,False,False,False
15,250,moderate,mixed,500,0.11578434556674246,0.10789493487274385,0.12403968164201634,0.1081470039564794,0.12346306333685352,1.426,0.019013333333333337,0.9993333333333334,0.30021693121693116,0.0,1.0,0.5,4.688610918999984,0.3557748013749813,0.3607440603068955,0.2336830382093832,0.405818759018759,0.5044459595959595,0.33435266955266957,0.5409465551396854,0.6280425230214578,0.6504035069203513,0.5803507215007214,0.7355311688311689,0.7619598124098125,False,True,True,True,False,False,False,False
12,75,sparse,mixed,500,0.1012075905692927,0.08742662188247499,0.11635019785267034,0.08869326382290248,0.11440082773776898,0.352,0.006518518518518518,0.8803333333333333,0.07197777777777778,0.002,1.0,0.0,2.27046625499986,0.28673116883116884,0.31346435786435783,0.29124711399711395,0.28473333333333334,0.43588571428571427,0.37176190476190474,0.42697886002886004,0.5384170995670995,0.5569380230880231,0.4482714285714286,0.6496238095238095,0.6486238095238095,False,True,True,True,False,False,False,False
12,100,sparse,mixed,500,0.11133501259445844,0.09782751628301886,0.12600217452122173,0.09877658466202385,0.1240040828748498,0.442,0.008185185185185182,0.936,0.0986888888888889,0.0,1.0,0.0,2.106433142999549,0.31109401154401156,0.34836695526695527,0.3079031024531025,0.32043809523809524,0.44384285714285715,0.3637761904761905,0.457486075036075,0.5752259018759018,0.5831256854256854,0.4546095238095238,0.6509857142857143,0.6581523809523809,False,True,True,True,False,False,False,False
12,150,sparse,mixed,500,0.1037451571244081,0.09163541395086906,0.11686420691790882,0.09213185454491929,0.11520754193471668,0.482,0.008925925925925926,0.985,0.15408888888888891,0.0,1.0,0.25,1.533000728999923,0.3715858585858585,0.4202352092352092,0.3613102453102453,0.3812,0.5258999999999999,0.44039999999999996,0.5180611832611832,0.6158313131313131,0.6211794372294371,0.5341333333333332,0.7161,0.7324333333333333,False,True,True,True,False,False,False,False
12,250,sparse,mixed,500,0.11870503597122302,0.1069080572038932,0.13131116819361732,0.10783572785156037,0.12964948052580777,0.66,0.012222222222222221,0.9963333333333333,0.22953333333333334,0.0,1.0,0.4,2.351178204500002,0.4209117604617605,0.4765329004329004,0.3812499278499279,0.4558904761904762,0.5979285714285714,0.4823238095238095,0.5658313131313132,0.6530535353535354,0.6579054112554112,0.5982095238095237,0.7670809523809523,0.7789285714285714,False,True,True,True,False,False,False,False
15,75,sparse,mixed,500,0.1017274472168906,0.08718019066651574,0.1177895771031393,0.08868467938877173,0.11550785415023365,0.318,0.003533333333333333,0.8256666666666668,0.041730769230769224,0.006,1.0,0.0,3.9335012690000895,0.20618887223887225,0.2418337495837496,0.22505231435231435,0.21309285714285717,0.3428690476190476,0.28696428571428567,0.31399332334332336,0.45091404706404703,0.4999220057720058,0.32870238095238097,0.5407595238095239,0.6002261904761905,False,True,True,True,False,False,False,False
15,100,sparse,mixed,500,0.07900677200902935,0.06687011957817264,0.09255799217387653,0.06685305828451159,0.09106466903390056,0.28,0.0031111111111111114,0.902,0.05853846153846153,0.002,1.0,0.0,3.3501101624998455,0.24103445443445445,0.2954492063492063,0.25660250305250304,0.2701404761904762,0.40442142857142854,0.3457833333333333,0.3432633144633145,0.4891026584526585,0.5398563325563325,0.36831428571428576,0.5871428571428571,0.6477928571428572,True,True,True,True,False,False,False,False
15,150,sparse,mixed,500,0.09818520241973011,0.08592605644752428,0.11155222384735301,0.08668495450752375,0.11049730089851834,0.422,0.004688888888888888,0.9793333333333333,0.09128205128205129,0.0,1.0,0.0,3.3144430724998983,0.2783283660783661,0.34955960705960704,0.2937093906093906,0.31239523809523806,0.45581428571428567,0.39051428571428576,0.39537130647130647,0.5491340215340215,0.5913022755022755,0.428847619047619,0.6598857142857144,0.6841571428571428,True,True,True,True,False,False,False,False
15,250,sparse,mixed,500,0.09418982316853122,0.08356676678107458,0.10567865326789587,0.08314784605895338,0.10491124051043484,0.522,0.0058000000000000005,0.9963333333333333,0.18017948717948717,0.0,1.0,0.3333333333333333,2.7936377355001127,0.3622270340770341,0.45229657564657566,0.3444038961038961,0.4450285714285714,0.6203142857142857,0.4875333333333334,0.489458214008214,0.6278511877011876,0.6458796647796649,0.5722142857142857,0.7662571428571429,0.7934761904761904,True,True,True,True,False,False,False,False
